username,language,work_id
nic_ckie,Português brasileiro,35195854
KimIsa15,Português brasileiro,32475397
velezhard,Português brasileiro,32475397
bunny445,Português brasileiro,32475397
Lunnary,Português brasileiro,32475397
i2hope,Português brasileiro,32331553
Ppablee,Português brasileiro,32331553
MylaUchiha,Português brasileiro,32331553
criss_cerejinha,Português brasileiro,36705622
akemichansanty,Português brasileiro,36705622
yeontanvante,Português brasileiro,36705622
Miillam,Português brasileiro,36705622
smileytaehy,Português brasileiro,36705622
franciellykaren,Português brasileiro,36705622
pih,Português brasileiro,36705622
Cerealconleche83,Português brasileiro,36705622
Blue_taekook,Português brasileiro,36705622
Gia12,Português brasileiro,36705622
ariel_m,Português brasileiro,36705622
0309l93,Português brasileiro,38195839
nick10w8,Português brasileiro,40051314
moonlia,Português brasileiro,40051314
Mier,Português brasileiro,39093741
pjiminboss,Português brasileiro,33993214
Monnielin,Português brasileiro,36089758
failedpp,Português brasileiro,36089758
rosecurlyx,Português brasileiro,36089758
namumus,Português brasileiro,36089758
a_llie,Português brasileiro,36089758
namgisgleam,Português brasileiro,36089758
Millarca69,Português brasileiro,36858283
Lily04_9295,Português brasileiro,36858283
miladykim,Português brasileiro,36858283
AKUMA_KYDA,Português brasileiro,34456384
Abiii09,Português brasileiro,33076159
Liz100806,Português brasileiro,33076159
Altair001,Português brasileiro,33076159
Bombitta,Português brasileiro,39058602
Jeissy,Português brasileiro,38088964
SeaYoonmin,Português brasileiro,39010167
Daliablack,Português brasileiro,34986742
dry_reid,Português brasileiro,40240872
artcn,Português brasileiro,30909662
minjoonblog,Português brasileiro,30909662
Carolzinha,Português brasileiro,35128198
ymfilter,Português brasileiro,34718449
bbmoonie,Português brasileiro,38746776
Stayblued,Português brasileiro,38584005
love2maze,Português brasileiro,38584005
Potato187,Português brasileiro,38584005
badgalvivi,Português brasileiro,38584005
creamdotting,Português brasileiro,38584005
Maryevi,Português brasileiro,34205323
enbyjmx,Português brasileiro,34205323
SilverGrey,Português brasileiro,32780023
chaostheur,Português brasileiro,32780023
jmfilter,Português brasileiro,37462366
nameisabelle,Português brasileiro,37462366
pjiminboss,Português brasileiro,32395105
yyseok,Português brasileiro,32395105
myarlert,Português brasileiro,32395105
Laudatio,Português brasileiro,36525493
viciadaemsonhos,Português brasileiro,37396984
dlwlrsuga,Português brasileiro,31034024
antthea,Português brasileiro,31034024
Kiriaki_lonelytrash,Português brasileiro,31034024
Flafsss,Português brasileiro,31034024
dianxian,Português brasileiro,31034024
imimifairy,Português brasileiro,35109298
jiminhapicaaa,Português brasileiro,35109298
ymfilter,Português brasileiro,35109298
velezhard,Português brasileiro,31226381
AvantePJ,Português brasileiro,31226381
dasser97,Português brasileiro,34206184
Meyouw,Português brasileiro,34206184
pandavle,Português brasileiro,32734648
Suchabeautifulangel,Português brasileiro,32734648
trulyksjin,Português brasileiro,36794140
marieistired,Português brasileiro,36794140
mariostra,Português brasileiro,36794140
Jkschocolatemilk1,Português brasileiro,37377235
nameisabelle,Português brasileiro,37377235
dasser97,Português brasileiro,35742901
imimifairy,Português brasileiro,35742901
Lovelilly,Português brasileiro,35742901
jujubs,Português brasileiro,35742901
MinWorld,Português brasileiro,35742901
meduzas,Português brasileiro,38154481
0309l93,Português brasileiro,38154481
Dudaex,Português brasileiro,40663635
iallaco,Português brasileiro,40663635
Any1309,Português brasileiro,40663635
Hipster_Popcorn,Português brasileiro,40663635
Coaka,Português brasileiro,39004044
ChasingAtlantic,Português brasileiro,39004044
bunny445,Português brasileiro,39004044
icebluegguk,Português brasileiro,39004044
Laxrrry,Português brasileiro,39004044
Laudatio,Português brasileiro,34634779
xln71,Português brasileiro,38154952
Nika_brants,Português brasileiro,32394640
chaengji,Português brasileiro,32394640
taegyumin,Português brasileiro,32394640
hyubeom,Português brasileiro,32394640
Nyeon_Yeon,Português brasileiro,32394640
artcide,Português brasileiro,32394640
hboutgi,Português brasileiro,32394640
PJJJK93,Português brasileiro,32394640
namgideep,Português brasileiro,32394640
minnielita,Português brasileiro,32394640
Cacaujjjk,Português brasileiro,32394640
tetescat,Português brasileiro,36825142
zaurelie371986,Português brasileiro,36825142
meduzas,Português brasileiro,33085828
tearsricoch,Português brasileiro,36756202
yaranaika28,Português brasileiro,36756202
Lovelilly,Português brasileiro,34841950
imimifairy,Português brasileiro,35764945
lauracas,Português brasileiro,38112931
YinLua,Português brasileiro,38112931
Kamiralone,Português brasileiro,36371905
Lilannie,Português brasileiro,32945635
Dana17,Português brasileiro,32945635
Tuturuyoh,Português brasileiro,32945635
RaStylinson,Português brasileiro,35609335
Lynlyn12,Português brasileiro,35609335
0309l93,Português brasileiro,35609335
dasser97,Português brasileiro,39504939
imimifairy,Português brasileiro,39504939
myyggw,Português brasileiro,39504939
yuzutannie,Português brasileiro,39504939
bibiri,Português brasileiro,39504939
slytherinrm94,Português brasileiro,39504939
C3ciMD,Português brasileiro,39504939
Vivi16,Português brasileiro,39504939
Moon_myg09,Português brasileiro,39504939
Sweeter_Sapphire,Português brasileiro,39504939
Juls1501,Português brasileiro,39504939
zaurelie371986,Português brasileiro,39504939
SwanDanielMills,Português brasileiro,34229143
jmflavor,Português brasileiro,39003000
LOVE23NO,Português brasileiro,39003000
bunny445,Português brasileiro,39003000
iftminie,Português brasileiro,39003000
ChasingAtlantic,Português brasileiro,39003000
joonxchilds,Português brasileiro,39003000
bunny445,Português brasileiro,35370667
Barbie_006,Português brasileiro,35370667
0309l93,Português brasileiro,35370667
dasser97,Português brasileiro,34855699
Sug4r_Slut,Português brasileiro,34855699
ItIsIsaTv,Português brasileiro,31605980
resbruscato,Português brasileiro,31605980
yerilacruda,Português brasileiro,41596965
boreaIis,Português brasileiro,41596965
bunny445,Português brasileiro,30707987
ChasingAtlantic,Português brasileiro,30707987
Nana_Bar,Português brasileiro,30707987
joonxchilds,Português brasileiro,30707987
icebluegguk,Português brasileiro,30707987
daevirgo,Português brasileiro,30707987
Florjikookflor,Português brasileiro,30707987
dorodai,Português brasileiro,30707987
like_a_rainbow89,Português brasileiro,30707987
ivanadorali,Português brasileiro,30707987
kookminbloom,Português brasileiro,30707987
mochiluvie,Português brasileiro,30707987
ggukieminie,Português brasileiro,30707987
vjinwgs,Português brasileiro,30707987
YouAreMyUniverse,Português brasileiro,33460204
iloverats,Português brasileiro,33460204
Laudatio,Português brasileiro,35063392
skymygi,Português brasileiro,38753379
luffypagodinho,Português brasileiro,34827034
mermaidtattoo,Português brasileiro,34827034
Carolzinha,Português brasileiro,33035701
dianne_letoile,Português brasileiro,36624184
creamdotting,Português brasileiro,31828921
Avenass,Português brasileiro,31828921
badgalvivi,Português brasileiro,31828921
unicornj2,Português brasileiro,31828921
staeroid,Português brasileiro,31828921
merida1234,Português brasileiro,31828921
mochiluvie,Português brasileiro,31828921
Taekookieborahae,Português brasileiro,31828921
DayMonthYear,Português brasileiro,36887611
viciadaemsonhos,Português brasileiro,36887611
Jaineluana,Português brasileiro,35294212
Tangerineballss,Português brasileiro,31925299
Emilly_Rafaelle,Português brasileiro,31925299
YinLua,Português brasileiro,31925299
Fairymari,Português brasileiro,31925299
4upark,Português brasileiro,31925299
Amoritae,Português brasileiro,31925299
MirelaTK,Português brasileiro,33478645
Luamimm,Português brasileiro,33478645
bunny445,Português brasileiro,33478645
Queen_na_voz,Português brasileiro,33478645
bluejeanss,Português brasileiro,33478645
JeyKei,Português brasileiro,33478645
Izadoraxs,Português brasileiro,33478645
murwari,Português brasileiro,33478645
vvtobio,Português brasileiro,33478645
ButterflyTK95,Português brasileiro,33478645
giiviiana,Português brasileiro,35624239
jiminhapicaaa,Português brasileiro,35327803
pjiminboss,Português brasileiro,35327803
myyggw,Português brasileiro,35327803
luaffreux,Português brasileiro,35327803
ghostbabes,Português brasileiro,33665086
soulmatery95,Português brasileiro,30143217
Emilly_Rafaelle,Português brasileiro,34501597
nana707,Português brasileiro,31222883
Kogarashi94,Português brasileiro,31222883
kookosmic,Português brasileiro,31222883
Girllove,Português brasileiro,31222883
plutochxnel,Português brasileiro,31222883
Yllocin,Português brasileiro,31222883
monvmin,Português brasileiro,31222883
MinWorld,Português brasileiro,31222883
serena1211,Português brasileiro,39416307
nameisabelle,Português brasileiro,36358000
Dana17,Português brasileiro,36358000
yoonieris,Português brasileiro,30562733
Carolzinha,Português brasileiro,35431003
Dletter,Português brasileiro,33340426
zaurelie371986,Português brasileiro,33340426
blubs_boo,Português brasileiro,33340426
Altair001,Português brasileiro,33340426
dae_cats,Português brasileiro,38815965
Olyy,Português brasileiro,38815965
Tewen3577,Português brasileiro,38815965
AnonimoM49,Português brasileiro,38815965
sunheline,Português brasileiro,38815965
parkjimious,Português brasileiro,38815965
blubs_boo,Português brasileiro,38815965
0309l93,Português brasileiro,37964278
Iraantzuuu,Português brasileiro,30328731
minoagain,Português brasileiro,30328731
Amber2000girl,Português brasileiro,30328731
imimifairy,Português brasileiro,40333128
DaintyDoll07,Português brasileiro,40333128
JFveloso,Português brasileiro,40333128
infaerie,Português brasileiro,32009158
Natchyy,Português brasileiro,32009158
kaelatlas,Português brasileiro,32201602
viciadaemsonhos,Português brasileiro,41544918
yazzz111,Português brasileiro,41544918
yaranaika28,Português brasileiro,41544918
Moon_myg09,Português brasileiro,41544918
Edithg96,Português brasileiro,41544918
NevermidBia,Português brasileiro,41544918
bunny445,Português brasileiro,37859209
LynnIcy,Português brasileiro,37859209
Miillam,Português brasileiro,37859209
Cherryhotwrite,Português brasileiro,37859209
Jk_97_BTS,Português brasileiro,37859209
Hannamikaela76,Português brasileiro,37859209
Elsprit3dehobii,Português brasileiro,37859209
vkpallet,Português brasileiro,37859209
HPMalfoy,Português brasileiro,37859209
Little_Meh,Português brasileiro,37859209
GabiihCB,Português brasileiro,37859209
AleArmy04,Português brasileiro,37859209
J1ngk99k,Português brasileiro,37859209
bluejeanss,Português brasileiro,37859209
Honsu,Português brasileiro,37859209
navratil,Português brasileiro,37859209
Sweet_M0z,Português brasileiro,37859209
taekooksbuttplug,Português brasileiro,37859209
pixaboo,Português brasileiro,37859209
cupof_rage,Português brasileiro,37859209
moochib,Português brasileiro,37859209
nameisabelle,Português brasileiro,35855785
thmafioso,Português brasileiro,34085218
lilithzoldyck,Português brasileiro,34085218
miellets,Português brasileiro,34085218
itzthami,Português brasileiro,34085218
winekv,Português brasileiro,34085218
hopemelons,Português brasileiro,34085218
Kittneri,Português brasileiro,34085218
saaw07,Português brasileiro,34085218
taefair,Português brasileiro,34085218
kageuzumakii,Português brasileiro,34085218
Bangtantaekooknamjinyoonmimborahae,Português brasileiro,34085218
rarestluna,Português brasileiro,34085218
lustevs,Português brasileiro,34085218
lilbunkook,Português brasileiro,34085218
rm_side,Português brasileiro,34085218
yeseesaw,Português brasileiro,34085218
Yamsz,Português brasileiro,34085218
Joytk08,Português brasileiro,34085218
tetek6oo,Português brasileiro,34085218
ughluci4,Português brasileiro,33295858
Emilly_Rafaelle,Português brasileiro,33295858
myarlert,Português brasileiro,33295858
Altair001,Português brasileiro,33295858
M00n_L1ght,Português brasileiro,33713650
Minseok7,Português brasileiro,33713650
KimIsa15,Português brasileiro,33713650
Cassandrajohn,Português brasileiro,33713650
Laly09,Português brasileiro,33713650
AnaJuh69,Português brasileiro,33713650
Lil_Fracas00,Português brasileiro,33713650
dae_cats,Português brasileiro,39566733
koocoly,Português brasileiro,39566733
pjiminboss,Português brasileiro,39566733
Fujoshi_14,Português brasileiro,39566733
Elly19,Português brasileiro,39566733
jiminhapicaaa,Português brasileiro,39566733
LivesCPYF,Português brasileiro,39566733
lobesoobinnie,Português brasileiro,39566733
k0om4to,Português brasileiro,39566733
jkyg9397,Português brasileiro,39566733
KLyoLOLla,Português brasileiro,39566733
twicxsritys,Português brasileiro,39566733
Apenas_leio,Português brasileiro,39566733
Juli06,Português brasileiro,39566733
Danieladbx,Português brasileiro,39566733
Catota,Português brasileiro,41559483
littlesmalllove,Português brasileiro,41559483
CookieandOreo1,Português brasileiro,35470891
moontanies,Português brasileiro,35470891
imimifairy,Português brasileiro,34920580
Apenas_leio,Português brasileiro,40245789
flynessa,Português brasileiro,40245789
NightVelvet,Português brasileiro,40245789
minoagain,Português brasileiro,41626446
LynnIcy,Português brasileiro,40805892
Yue_501,Português brasileiro,40805892
akirarm6,Português brasileiro,40805892
evathymia,Português brasileiro,40805892
reguIus,Português brasileiro,33534103
myarlert,Português brasileiro,33534103
evertaetae,Português brasileiro,33534103
badgalvivi,Português brasileiro,33534103
infaerie,Português brasileiro,40255644
MisterAmy,Português brasileiro,40255644
dasser97,Português brasileiro,38192944
pjiminboss,Português brasileiro,38192944
ahyuga,Português brasileiro,38192944
myyggw,Português brasileiro,38192944
jiminhapicaaa,Português brasileiro,38192944
1fsantos1,Português brasileiro,38192944
orangejuicexs,Português brasileiro,38192944
KLyoLOLla,Português brasileiro,38192944
Apenas_leio,Português brasileiro,38192944
Tuturuyoh,Português brasileiro,38192944
jikooktoxic,Português brasileiro,38192944
niitaolie,Português brasileiro,30708422
dollminie,Português brasileiro,30708422
ChasingAtlantic,Português brasileiro,30708422
Amoritae,Português brasileiro,30708422
meizuoo,Português brasileiro,34063909
Kikakn,Português brasileiro,34063909
MrsLunna,Português brasileiro,34063909
Dana17,Português brasileiro,33685891
AshiyaMika08,Português brasileiro,33533686
loverboyv,Português brasileiro,33533686
Kook_cacau,Português brasileiro,33533686
reguIus,Português brasileiro,33533686
evertaetae,Português brasileiro,33533686
badgalvivi,Português brasileiro,33533686
yaranaika28,Português brasileiro,38917827
jmfilter,Português brasileiro,38917827
Mier,Português brasileiro,38732472
Emilly_Rafaelle,Português brasileiro,38732472
ktxhpj,Português brasileiro,38732472
Dana17,Português brasileiro,38732472
SeagullEly,Português brasileiro,38732472
KsoraDelta,Português brasileiro,38732472
DaintyDoll07,Português brasileiro,38732472
yaranaika28,Português brasileiro,38732472
BangtanTaekook,Português brasileiro,31623053
3rdeyez,Português brasileiro,31623053
Jininx,Português brasileiro,31623053
vcutvlg,Português brasileiro,34881511
KimIsa15,Português brasileiro,31396946
3Nathalia_Knight3,Português brasileiro,31396946
sweetvmoon,Português brasileiro,31396946
jeongukdetails,Português brasileiro,31396946
kookminbloom,Português brasileiro,31396946
ggukieminie,Português brasileiro,31396946
BangtanTaekook,Português brasileiro,38438950
sombria_oculta,Português brasileiro,38438950
woolridgrant,Português brasileiro,32603002
jinsminie,Português brasileiro,32603002
JEONPARKMIN,Português brasileiro,37289809
Sweet_M0z,Português brasileiro,37289809
gothboyjjk,Português brasileiro,37289809
Harubes_10,Português brasileiro,39564852
ChasingAtlantic,Português brasileiro,39026679
Apenas_leio,Português brasileiro,39026679
yoongispussy,Português brasileiro,37187818
Kilaclara,Português brasileiro,37187818
Sallaberry,Português brasileiro,37187818
emeraldsope,Português brasileiro,37187818
Purple_Lucky,Português brasileiro,37187818
bunny445,Português brasileiro,37187818
babesope,Português brasileiro,37187818
Safyra,Português brasileiro,37187818
Kisidoro,Português brasileiro,37187818
Lemonada,Português brasileiro,37187818
sobimelon,Português brasileiro,37187818
5lianeko2,Português brasileiro,37187818
giseledute,Português brasileiro,37187818
taecafune,Português brasileiro,37187818
Olui_lui,Português brasileiro,30086139
amandiita022,Português brasileiro,30086139
EnglishVersion06,Português brasileiro,30086139
book_person,Português brasileiro,30086139
ripmoony,Português brasileiro,30086139
honeyboystories,Português brasileiro,30086139
LynnIcy,Português brasileiro,36844102
Bloodsunni,Português brasileiro,36844102
jiminbttm,Português brasileiro,36844102
jooniedacarol,Português brasileiro,36844102
Cherryhotwrite,Português brasileiro,36844102
Jk_97_BTS,Português brasileiro,36844102
emiseo,Português brasileiro,36844102
Hannamikaela76,Português brasileiro,36844102
Armysuga,Português brasileiro,36844102
cbin_nie,Português brasileiro,36844102
Srav_562,Português brasileiro,36844102
Elsprit3dehobii,Português brasileiro,36844102
vkpallet,Português brasileiro,36844102
Bca_esther1906,Português brasileiro,36844102
charming_jk97,Português brasileiro,36844102
StrangeBlueBird,Português brasileiro,36844102
Jkschocolatemilk1,Português brasileiro,36844102
aneao3,Português brasileiro,36844102
FineGetInLoser,Português brasileiro,36844102
Little_Meh,Português brasileiro,36844102
KiraYullin,Português brasileiro,36844102
Baby_kooktae,Português brasileiro,36844102
Hobi_xzwaloz,Português brasileiro,36844102
Baby_the_baby,Português brasileiro,36844102
taecancie,Português brasileiro,36844102
RedWheiin,Português brasileiro,36844102
Andyinluv,Português brasileiro,36844102
kvlvrs,Português brasileiro,36844102
bluejeanss,Português brasileiro,36844102
LucasSuarez,Português brasileiro,36844102
J1ngk99k,Português brasileiro,36844102
Chrsfrthwckd,Português brasileiro,36844102
rudolphtony,Português brasileiro,36844102
Nikena_mirai,Português brasileiro,36844102
Ladan010,Português brasileiro,36844102
hwqsq,Português brasileiro,36844102
pjmdagger,Português brasileiro,36844102
taeangelkoo,Português brasileiro,36844102
idkwhatdiditturnto,Português brasileiro,36844102
jinsfingerguns,Português brasileiro,36844102
T_dodeku,Português brasileiro,36844102
taekooksbuttplug,Português brasileiro,36844102
karocama2,Português brasileiro,36844102
EmanuelFonso,Português brasileiro,36844102
Marbius,Português brasileiro,36844102
bbhmilou,Português brasileiro,36844102
moochib,Português brasileiro,36844102
TheoryPotter,Português brasileiro,36844102
lilicr,Português brasileiro,36844102
El_cofre_inutil,Português brasileiro,36844102
imimifairy,Português brasileiro,36844102
tete_kookie,Português brasileiro,36844102
tkpls,Português brasileiro,36844102
k_tae,Português brasileiro,36844102
AshiyaMika08,Português brasileiro,36844102
Yoonkook22,Português brasileiro,36844102
yoonnieslut,Português brasileiro,36844102
ymfilter,Português brasileiro,35448634
dasser97,Português brasileiro,33481384
sasuskye,Português brasileiro,30201738
LyvMoon,Português brasileiro,39024765
notjm,Português brasileiro,39024765
mimidollie,Português brasileiro,39024765
gianella,Português brasileiro,39024765
lilllll007,Português brasileiro,39024765
Gatojjk,Português brasileiro,39024765
akdoll,Português brasileiro,39024765
iminiegoo,Português brasileiro,39024765
Hyucah,Português brasileiro,39024765
hdollie,Português brasileiro,39024765
Romamwl,Português brasileiro,39024765
LuvKookiiee,Português brasileiro,39024765
Cachorrinhojm,Português brasileiro,39024765
AvantePJ,Português brasileiro,39024765
btsarmy58,Português brasileiro,39024765
choi00,Português brasileiro,39024765
dianna_salaiza12,Português brasileiro,39024765
Samctcskz,Português brasileiro,39024765
jicours,Português brasileiro,39024765
papaphobia,Português brasileiro,39024765
DoreaRK04,Português brasileiro,39024765
Sillyjikookie,Português brasileiro,39024765
LucasSuarez,Português brasileiro,39024765
itzkacchan,Português brasileiro,39024765
toruhell,Português brasileiro,39024765
Nayarafer,Português brasileiro,39024765
Creamgirl,Português brasileiro,39024765
yazzz111,Português brasileiro,39024765
beebaboom,Português brasileiro,39024765
huylis,Português brasileiro,39024765
starstkyo,Português brasileiro,39024765
Ms_Peaches_creme,Português brasileiro,39024765
knjearth,Português brasileiro,39024765
Villi001,Português brasileiro,39024765
cuntyminx,Português brasileiro,35830681
kmfilter,Português brasileiro,35830681
sweetvmoon,Português brasileiro,35830681
neomuneomuyeppeo,Português brasileiro,35830681
MylaUchiha,Português brasileiro,35830681
Pcrismp22,Português brasileiro,31180481
Danieladbx,Português brasileiro,39437061
velezhard,Português brasileiro,30146292
oisamym,Português brasileiro,30146292
trafawife,Português brasileiro,30146292
xTH3MOONx,Português brasileiro,30146292
yxsmxnsz,Português brasileiro,39885057
infaerie,Português brasileiro,39885057
lohopekook,Português brasileiro,30303489
Idalia_Nisha,Português brasileiro,30303489
honeygoogie,Português brasileiro,30303489
hongphile,Português brasileiro,30173310
lioncunt,Português brasileiro,30173310
sweetvmoon,Português brasileiro,30173310
jimintease,Português brasileiro,30173310
ariesvenus,Português brasileiro,30173310
wilastforever,Português brasileiro,30173310
wormstail,Português brasileiro,30173310
fleayoonmina,Português brasileiro,38747691
winteraggie,Português brasileiro,35525539
Sommer_500,Português brasileiro,38788566
Filhotesope,Português brasileiro,38788566
mermaidbts,Português brasileiro,38788566
agustdjack,Português brasileiro,38788566
DulceFan,Português brasileiro,38788566
newt1,Português brasileiro,38788566
ughbeatz,Português brasileiro,35645119
Emilly_Rafaelle,Português brasileiro,38066713
newt1,Português brasileiro,38066713
Harubes_10,Português brasileiro,38066713
yaranaika28,Português brasileiro,38066713
jjnghseuk,Português brasileiro,34290736
mononj,Português brasileiro,40780137
nameisabelle,Português brasileiro,36138535
Dana17,Português brasileiro,36138535
Dletter,Português brasileiro,35485213
Carolzinha,Português brasileiro,34130509
leehyeri,Português brasileiro,35162845
hyhyhyswswsw,Português brasileiro,34370455
bunny445,Português brasileiro,31338314
chaengji,Português brasileiro,31338314
kmfilter,Português brasileiro,31338314
KimIsa15,Português brasileiro,31338314
i_ghost,Português brasileiro,31338314
Allaskza,Português brasileiro,31338314
ksurihchan,Português brasileiro,31338314
Nih_18,Português brasileiro,31338314
Rabbitjk,Português brasileiro,38777301
Lunassi,Português brasileiro,38777301
gigiphoria,Português brasileiro,38777301
claryaxr,Português brasileiro,38777301
WINTIGHT,Português brasileiro,38777301
wheetkk,Português brasileiro,38777301
ioda21,Português brasileiro,38777301
serendiptiny,Português brasileiro,38777301
jhoseokismyutt,Português brasileiro,38777301
KimIsa15,Português brasileiro,38777301
notjimo,Português brasileiro,38777301
k0om4to,Português brasileiro,38777301
Bangtan_Chimmmy,Português brasileiro,38777301
wonhooncute,Português brasileiro,39886848
sasaiph,Português brasileiro,39886848
WooziOveralls,Português brasileiro,39886848
cherry_svt,Português brasileiro,39886848
SunFlower_r,Português brasileiro,39886848
winnie01,Português brasileiro,39886848
Amurat,Português brasileiro,30396444
Mari_Yce,Português brasileiro,30396444
Karen_AS,Português brasileiro,30396444
Lexyee,Português brasileiro,30396444
CassieWill,Português brasileiro,30396444
krful,Português brasileiro,30396444
Itsplutoy,Português brasileiro,30396444
SonhosDeAxolote,Português brasileiro,30396444
akyuu,Português brasileiro,30396444
anitacafer,Português brasileiro,40265202
dae_cats,Português brasileiro,40265202
gabiwol,Português brasileiro,40265202
pjiminboss,Português brasileiro,40265202
sparklyoon,Português brasileiro,40265202
Liaah,Português brasileiro,40265202
IPurpleU88,Português brasileiro,40265202
jiminhapicaaa,Português brasileiro,40265202
Lettersforyou,Português brasileiro,40265202
jikookn,Português brasileiro,40265202
sererjinpity,Português brasileiro,40265202
LivesCPYF,Português brasileiro,40265202
Boudelaire,Português brasileiro,40265202
1fsantos1,Português brasileiro,40265202
jkyg9397,Português brasileiro,40265202
EnglishVersion06,Português brasileiro,40265202
KLyoLOLla,Português brasileiro,40265202
Apenas_leio,Português brasileiro,40265202
twicxsritys,Português brasileiro,40265202
beebaboom,Português brasileiro,40265202
ranswanr,Português brasileiro,40265202
VHSB0U,Português brasileiro,40265202
Nabisflow,Português brasileiro,36437914
zaurelie371986,Português brasileiro,36441034
ann_huanca,Português brasileiro,36548539
BloodyHelle,Português brasileiro,35856076
m1911,Português brasileiro,35856076
Apenas_leio,Português brasileiro,35856076
yuzutannie,Português brasileiro,35856076
spiderggukkj,Português brasileiro,35856076
ygpositions,Português brasileiro,35856076
Witcher67,Português brasileiro,35856076
nameisabelle,Português brasileiro,35856076
Tuturuyoh,Português brasileiro,35856076
ymluvaffair,Português brasileiro,35856076
emy_afmy,Português brasileiro,35856076
dry_reid,Português brasileiro,40768188
mononj,Português brasileiro,40768188
agustDjimm,Português brasileiro,40768188
Astronauta03,Português brasileiro,39018834
lillytt,Português brasileiro,39018834
Bloodsunni,Português brasileiro,33439177
Sweet_M0z,Português brasileiro,33439177
yaranaika28,Português brasileiro,33439177
giseledute,Português brasileiro,36504538
SanMP,Português brasileiro,36504538
pjiminboss,Português brasileiro,36504538
cthee,Português brasileiro,36504538
Yoongifearless,Português brasileiro,36504538
Peaxhi,Português brasileiro,36504538
Kisidoro,Português brasileiro,36504538
taecafune,Português brasileiro,36504538
k0om4to,Português brasileiro,32689879
BoomingSystem,Português brasileiro,32689879
Watermelon_ge,Português brasileiro,31153964
miladykim,Português brasileiro,31153964
zolpivoid,Português brasileiro,31153964
LisaDaniel,Português brasileiro,31153964
yoongibluehair,Português brasileiro,31153964
mayvh1,Português brasileiro,33643819
yxiaohangf,Português brasileiro,33643819
lobesoobinnie,Português brasileiro,36730942
nameisabelle,Português brasileiro,36730942
Laudatio,Português brasileiro,34331809
MariahRA,Português brasileiro,34988212
dasser97,Português brasileiro,34988212
meduzas,Português brasileiro,34988212
Kitekatmur,Português brasileiro,34988212
yuzutannie,Português brasileiro,34988212
yoonginius,Português brasileiro,34988212
Dana17,Português brasileiro,34988212
nameisabelle,Português brasileiro,36844768
my134340place,Português brasileiro,38030230
Kahinee,Português brasileiro,38030230
ghostbabes,Português brasileiro,39752541
flirtingvmin,Português brasileiro,39752541
Choubis,Português brasileiro,39752541
rmrings,Português brasileiro,39752541
actjin,Português brasileiro,39752541
Apenas_leio,Português brasileiro,39752541
OrbitingPluto,Português brasileiro,34216717
Blair_Karamell,Português brasileiro,34216717
Podojun,Português brasileiro,34216717
moonbowlol,Português brasileiro,39930372
Alitaetae,Português brasileiro,39930372
Angelic_THE_Goddess,Português brasileiro,39930372
jenifer_xfx,Português brasileiro,39930372
mariostra,Português brasileiro,31084142
hobistrong,Português brasileiro,31084142
sunkittxn,Português brasileiro,31084142
klimtaehyung,Português brasileiro,31084142
myarlert,Português brasileiro,32995114
krisolzinho,Português brasileiro,40671192
yoongibluehair,Português brasileiro,32906131
Gekingjin,Português brasileiro,32906131
Dana17,Português brasileiro,34806901
yoongx,Português brasileiro,41561181
pjiminboss,Português brasileiro,41561181
Liaah,Português brasileiro,41561181
KimIsa15,Português brasileiro,41561181
jiminhapicaaa,Português brasileiro,41561181
joon_tiddies,Português brasileiro,41561181
sererjinpity,Português brasileiro,41561181
LivesCPYF,Português brasileiro,41561181
VHSB0U,Português brasileiro,41561181
Apenas_leio,Português brasileiro,41561181
0309l93,Português brasileiro,35009164
Kmylla_27,Português brasileiro,34768378
Dodostacos,Português brasileiro,34768378
babybokchoy,Português brasileiro,34768378
Tinki96,Português brasileiro,34768378
callmebloop,Português brasileiro,33378250
stargirlV,Português brasileiro,37309144
niitaolie,Português brasileiro,37440640
lottiesbabe,Português brasileiro,37440640
Apenas_leio,Português brasileiro,37440640
ailata,Português brasileiro,37440640
Rihana,Português brasileiro,37440640
infaerie,Português brasileiro,40174770
Agent_AK,Português brasileiro,40174770
gayrectiones,Português brasileiro,40174770
yerilacruda,Português brasileiro,40174770
minimono,Português brasileiro,40174770
Carolxx,Português brasileiro,31540715
bluejeanss,Português brasileiro,31540715
Lettie_L,Português brasileiro,30843659
gvl1993,Português brasileiro,34384303
cb97_bby,Português brasileiro,34384303
Sunynami,Português brasileiro,34384303
hello010,Português brasileiro,34384303
69mingloss,Português brasileiro,34384303
omegatinho,Português brasileiro,34384303
bibiri,Português brasileiro,34384303
bunny445,Português brasileiro,34384303
yaqui6,Português brasileiro,34384303
imimifairy,Português brasileiro,34384303
politicallyoon,Português brasileiro,34384303
yuzutannie,Português brasileiro,34384303
dasser97,Português brasileiro,34384303
sabinekawai,Português brasileiro,34384303
viciadaemsonhos,Português brasileiro,34384303
myyggw,Português brasileiro,34384303
miiinska,Português brasileiro,34384303
Rachita12,Português brasileiro,34384303
Sisiix,Português brasileiro,34384303
zaurelie371986,Português brasileiro,34384303
newt1,Português brasileiro,34384303
kittyjm1n,Português brasileiro,34384303
Yukinii,Português brasileiro,34384303
Tiapaola,Português brasileiro,34384303
Harubes_10,Português brasileiro,34384303
yaranaika28,Português brasileiro,34384303
setmefrie,Português brasileiro,34384303
SeagullEly,Português brasileiro,34384303
meduzas,Português brasileiro,34384303
itzkacchan,Português brasileiro,34384303
daechwwwita,Português brasileiro,34384303
Our_lab,Português brasileiro,34384303
Sweet_M0z,Português brasileiro,34384303
Juls1501,Português brasileiro,34384303
nattata,Português brasileiro,34384303
0309l93,Português brasileiro,34384303
Emilly_Rafaelle,Português brasileiro,34384303
Meyouw,Português brasileiro,34384303
Dana17,Português brasileiro,34384303
liedmyg,Português brasileiro,34384303
Kiraaah,Português brasileiro,34384303
miniesunrise,Português brasileiro,34384303
CresentLunaDoll,Português brasileiro,34384303
pozzlolog,Português brasileiro,34384303
gayu,Português brasileiro,41626551
Apenas_leio,Português brasileiro,41626551
velezhard,Português brasileiro,35596276
amandiita022,Português brasileiro,30303222
is2louis,Português brasileiro,30303222
honeygoogie,Português brasileiro,30303222
ripmoony,Português brasileiro,30303222
fro_xy,Português brasileiro,40039743
ughbeatz,Português brasileiro,40039743
milevola,Português brasileiro,40039743
jamaisugh,Português brasileiro,40039743
itsaboutjay,Português brasileiro,40039743
Sallaberry,Português brasileiro,38876295
dae_cats,Português brasileiro,38876295
pjiminboss,Português brasileiro,38876295
Nnjn,Português brasileiro,38876295
Liaah,Português brasileiro,38876295
LilithWhitlock,Português brasileiro,38876295
KimIsa15,Português brasileiro,38876295
yourstars,Português brasileiro,38876295
bibiri,Português brasileiro,38876295
itzkacchan,Português brasileiro,38876295
KLyoLOLla,Português brasileiro,38876295
Apenas_leio,Português brasileiro,38876295
thauzzz,Português brasileiro,38876295
zhaofairy,Português brasileiro,38876295
jammesmuller,Português brasileiro,38876295
VHSB0U,Português brasileiro,38876295
thaina_jjk1,Português brasileiro,35391892
nic_ckie,Português brasileiro,35391892
plutochxnel,Português brasileiro,32494900
bunny445,Português brasileiro,31243781
Apenas_leio,Português brasileiro,31243781
emmylovesgguk,Português brasileiro,31243781
jimincoxas,Português brasileiro,31243781
wtfrobertr,Português brasileiro,31243781
dandelionswhisper,Português brasileiro,31243781
Choubis,Português brasileiro,31243781
lovlyjm,Português brasileiro,31243781
Mier,Português brasileiro,35328241
Kitekatmur,Português brasileiro,35328241
dae_cats,Português brasileiro,40853766
gabiwol,Português brasileiro,40853766
koocoly,Português brasileiro,40853766
pjiminboss,Português brasileiro,40853766
Liaah,Português brasileiro,40853766
KimIsa15,Português brasileiro,40853766
jiminhapicaaa,Português brasileiro,40853766
buckwise,Português brasileiro,40853766
Elly19,Português brasileiro,40853766
Apenas_leio,Português brasileiro,40853766
yerilacruda,Português brasileiro,40853766
KLyoLOLla,Português brasileiro,40853766
erami,Português brasileiro,40853766
nic_ckie,Português brasileiro,35345959
Kitekatmur,Português brasileiro,35345959
Nana_Bar,Português brasileiro,30340647
k0om4to,Português brasileiro,30340647
skymygi,Português brasileiro,30340647
jmfilter,Português brasileiro,40143591
mjyoonmin,Português brasileiro,33543052
Camyy,Português brasileiro,35901454
politicallyoon,Português brasileiro,35901454
formyownworld,Português brasileiro,33934918
bunny445,Português brasileiro,33934918
letygouveiasos,Português brasileiro,33934918
Jaewritter,Português brasileiro,33934918
kittylwt,Português brasileiro,33934918
louisji95,Português brasileiro,33934918
yxiaohangf,Português brasileiro,33563878
myarlert,Português brasileiro,33563878
seoknnach,Português brasileiro,34789300
agustDjimm,Português brasileiro,32073448
Dana17,Português brasileiro,36252130
Lovelilly,Português brasileiro,35217409
No_Blon,Português brasileiro,40233579
namunotes,Português brasileiro,40233579
bunny445,Português brasileiro,41586804
Dana17,Português brasileiro,41586804
Otori_XL,Português brasileiro,41586804
roxisai,Português brasileiro,34607929
Natchyy,Português brasileiro,34607929
Camyy,Português brasileiro,33901840
nick10w8,Português brasileiro,33901840
ughluci4,Português brasileiro,33901840
pjiminboss,Português brasileiro,33901840
rudolphtony,Português brasileiro,33901840
sunscaries,Português brasileiro,33901840
zaurelie371986,Português brasileiro,33901840
Lovelilly,Português brasileiro,34210579
Carolzinha,Português brasileiro,34210579
delistelar,Português brasileiro,34165135
ahyuga,Português brasileiro,34165135
DayMonthYear,Português brasileiro,34165135
miiinska,Português brasileiro,34165135
memoriesofstar,Português brasileiro,34165135
YouAreMyUniverse,Português brasileiro,34165135
venuslvym,Português brasileiro,34165135
yaranaika28,Português brasileiro,34165135
da_xe,Português brasileiro,38896731
Mier,Português brasileiro,38896731
Sara_minalva,Português brasileiro,38896731
Taehyando,Português brasileiro,40817061
Carolzinha,Português brasileiro,33746671
jooniedacarol,Português brasileiro,36189985
zaurelie371986,Português brasileiro,36189985
Dana17,Português brasileiro,36189985
yaranaika28,Português brasileiro,40744263
blubs_boo,Português brasileiro,40744263
yayachi,Português brasileiro,32285296
RaStylinson,Português brasileiro,35692393
blubs_boo,Português brasileiro,35692393
ymluvaffair,Português brasileiro,35692393
Parkaboh,Português brasileiro,35692393
