username,language,work_id
xiaowwai,chinese,40244955
kwonorange,chinese,40244955
EM_WX,chinese,40244955
mintchocolatemint,chinese,40244955
aaaaaaa_aaaaa,chinese,40244955
Jeonkiminlove,chinese,40244955
mydearTaegrisco,chinese,40244955
430047,chinese,40244955
mrspekoo,chinese,40244955
Kertui,chinese,40244955
zt_91,chinese,38824329
peppermint11,chinese,38824329
Cerise61,chinese,38824329
AstraeusV,chinese,38824329
Juicybo0,chinese,38824329
irisslady,chinese,38825082
lek1348,chinese,38825082
jk00kks,chinese,38825082
Meme_7,chinese,38825082
XunxiHsieh,chinese,38825082
Maflo,chinese,38825082
0bit0_bit0,chinese,38825082
JN07,chinese,38825082
52HZ_2033,chinese,38825082
ninimartins,chinese,38825082
Nogtisune,chinese,38825082
Mishu94,chinese,38825082
naty9430,chinese,38825082
Dommi_ss_pjm13,chinese,38825082
fantasyfilter,chinese,38825082
Maragk,chinese,38825082
Kuro13,chinese,38825082
piedpiperpiping,chinese,38825082
Lulu2550,chinese,38825082
Mimi_in_springtime,chinese,38825082
Ro_0113jko,chinese,38825082
Carojb,chinese,38825082
silverhues,chinese,38825082
Kitekatmur,chinese,38825082
Mob28,chinese,38825082
Jikooks_girl,chinese,38825082
Kff23,chinese,38825082
halahala5,chinese,38825082
lovechim,chinese,38825082
SheilaLugo,chinese,38825082
Lumi0309,chinese,38825082
Peaxhi,chinese,38825082
helobila,chinese,38825082
shorty_grown_man,chinese,38825082
LOVE23NO,chinese,38825082
Pillayar,chinese,38825082
AngeleMM77500,chinese,38825082
Houali,chinese,38825082
kkhaleesil,chinese,38825082
Nia25,chinese,38825082
Liupio1,chinese,38825082
OpenBook208,chinese,38825082
c_mellow,chinese,38825082
Yukinii,chinese,38825082
Eming07,chinese,38825082
Atyyfanfictionfan,chinese,38825082
Junjun27,chinese,38825082
1412st,chinese,38825082
Hazari,chinese,38825082
minnieguk,chinese,38825082
likw,chinese,38825082
Chokoloko,chinese,38825082
taekook16789,chinese,38825082
A_Mik,chinese,38825082
Btsloverjj1,chinese,38825082
Yumy_67,chinese,38825082
avijix,chinese,38825082
Dodolidia,chinese,38825082
WintersweetBell,chinese,38825082
peupeuyoon,chinese,38825082
dimdooly,chinese,38825082
Mochi_Kookie,chinese,38825082
Alythea1308,chinese,38825082
Tanyaaaaa_8080808080,chinese,38825082
wen1128,chinese,38825082
Peaches_hikari,chinese,38825082
stalieta,chinese,38825082
papaphobia,chinese,38825082
dandanmein,chinese,38825082
Yiyi070925,chinese,39849480
SALTseason,chinese,39849480
tangluoyu,chinese,39849480
seagull_kook,chinese,39849480
JMlvs,chinese,39849480
yuukiword19,chinese,39849480
YourFavoriteFanGirl,chinese,33450490
3am_y0369,chinese,33450490
sherry_chl1205,chinese,36013651
freefall_V,chinese,36013651
zoe_kimchi,chinese,36013651
Asta_k,chinese,36013651
mintchocolatemint,chinese,30256599
zt_91,chinese,30256599
mintysuuu,chinese,30256599
SaltedCaramel7,chinese,30256599
vlueparrot,chinese,30256599
TaeTian,chinese,30256599
Yiyi070925,chinese,41116671
potatochips_114,chinese,41116671
fatfox,chinese,41116671
39_moonlight_93,chinese,37913686
Elena_3972,chinese,32150656
hellohello,chinese,32150656
TwwoBox,chinese,32150656
zozozo_1,chinese,38967060
soratobuneko,chinese,38967060
bestofu,chinese,38967060
Yiyi070925,chinese,38967060
tangluoyu,chinese,38967060
seagull_kook,chinese,38967060
mrspekoo,chinese,38967060
TiffanyLyk,chinese,38967060
silvy90,chinese,38967060
futugagaga,chinese,35425660
lynn0811,chinese,35425660
autumn_sea,chinese,35425660
sunsetandvine,chinese,35425660
luvujm_1013,chinese,40118751
Yiyi070925,chinese,40118751
3186390780,chinese,40118751
AestheticChanFujoGirl,chinese,40118751
su_3399,chinese,40118751
appleseoknini,chinese,40118751
wlals957,chinese,40118751
ikuuuuuuuy,chinese,40118751
unknowfrog1212,chinese,40118751
Missie_030,chinese,33859738
HHTuz,chinese,33859738
qanech,chinese,33859738
Chasinggrey,chinese,33859738
kunchong_QAQ,chinese,33859738
Kookiescathy,chinese,33859738
Xsquare,chinese,33859738
namcy_13,chinese,33859738
Minna_Min39,chinese,33859738
L_4C,chinese,33859738
Songs_for_Euterpe,chinese,33859738
SUGAjenny518,chinese,33859738
crimsonlux,chinese,33859738
fusionrimi,chinese,33859738
3186390780,chinese,30570746
jjuunnoo,chinese,30570746
iknowUloveRose,chinese,30570746
freefall_V,chinese,30570746
saya0411,chinese,30570746
Erica9339,chinese,30570746
Shadowhunter4life821,chinese,30570746
TwwoBox,chinese,30570746
moondust613,chinese,30570746
crosslin1129,chinese,30570746
Hanakiraa,chinese,30570746
avijix,chinese,39745920
wlals957,chinese,39745920
unknowfrog1212,chinese,39745920
KaiOuO,chinese,40850997
Michael_FG,chinese,40850997
sanqianZhL,chinese,40850997
EM_WX,chinese,40850997
qiuhan,chinese,40850997
Amberrrrr,chinese,40850997
lil_hairra,chinese,40850997
Jeonkiminlove,chinese,40850997
Laurajones,chinese,40850997
Nailuvtaekook,chinese,40850997
minaming,chinese,40850997
ysu93,chinese,40850997
licuihua,chinese,40850997
KainyKim,chinese,40850997
Showmehope,chinese,40850997
430047,chinese,40850997
DDDDDZ,chinese,40850997
summerlan,chinese,40850997
SoJustEscape,chinese,36925522
FicusVirens,chinese,36925522
lunapine,chinese,36925522
seagull_kook,chinese,36925522
waminsoma,chinese,32979964
Lumi0309,chinese,31091318
EqualityisUandME,chinese,36431857
2mo,chinese,36431857
PPPPPPrust,chinese,36431857
sasukebby90,chinese,36431857
Kertui,chinese,36431857
gniy,chinese,36431857
mrspekoo,chinese,36431857
kkyuliet,chinese,36431857
mm_2680,chinese,36431857
Yiyi070925,chinese,39999606
Shin0930,chinese,39999606
pe99y,chinese,39999606
SALTseason,chinese,39999606
flytojupiter,chinese,39999606
yuzazaza,chinese,39999606
Randomstranger1220,chinese,39999606
tangluoyu,chinese,39999606
seagull_kook,chinese,39999606
Chasinggrey,chinese,39999606
ikuuuuuuuy,chinese,32409511
sherry_chl1205,chinese,32409511
unknowfrog1212,chinese,32409511
jaykwok625,chinese,32409511
Shadowhunter4life821,chinese,32409511
tangerine_mochi,chinese,32409511
seagull_kook,chinese,32409511
zhandba,chinese,32409511
crimsonlux,chinese,32409511
Sugaaaaa309,chinese,40197711
sanqianZhL,chinese,40197711
DarkEssence,chinese,40197711
Singularity_aurora,chinese,40197711
430047,chinese,40197711
Ulricaaaaa,chinese,40197711
wuguzi_w,chinese,40197711
love_is_real_and_real_is_love,chinese,40197711
Cerise61,chinese,40197711
reachingupytu,chinese,30798557
Verone2010,chinese,30798557
aiueoskh,chinese,30798557
qanech,chinese,30798557
babychar,chinese,30798557
2mo,chinese,30798557
k_kuangk,chinese,30798557
bowbow,chinese,30798557
namcy_13,chinese,30798557
vinsem,chinese,30798557
BONSPLUTO,chinese,30798557
hc_hc,chinese,30798557
wen1128,chinese,30798557
DemiiiYang15,chinese,30798557
hereiswufan,chinese,30798557
lori10724,chinese,30798557
cheer301,chinese,29991123
HHTuz,chinese,29991123
youresus,chinese,29991123
JINSSaang,chinese,29991123
hobisheart,chinese,29991123
Yuu030,chinese,41332164
Xsquare,chinese,41332164
Nailuvtaekook,chinese,41332164
Showmehope,chinese,41332164
Turbowhite,chinese,41332164
Parurphmy,chinese,41332164
Sugaaaaa309,chinese,41332164
KainyKim,chinese,41332164
He11zi,chinese,32466121
Chiau,chinese,32466121
seagull_kook,chinese,32466121
NC871008,chinese,32466121
wertyuiz23,chinese,38201887
1Archet13,chinese,38201887
love_is_real_and_real_is_love,chinese,38201887
AChiang,chinese,32158363
Verone2010,chinese,32158363
outro_unknown,chinese,32158363
cheer301,chinese,32158363
greenpool,chinese,32158363
4ownerfan,chinese,32158363
EqualityisUandME,chinese,32158363
Missie_030,chinese,32158363
Mr_Rinch,chinese,32158363
DANSHUI,chinese,32158363
agustmaraschino,chinese,32158363
soratobuneko,chinese,32158363
HHTuz,chinese,32158363
Echurohith,chinese,32158363
freefall_V,chinese,32158363
Bronze49,chinese,32158363
koeshope,chinese,32158363
yksweetmelon,chinese,32158363
ININ_D,chinese,32158363
JINSSaang,chinese,32158363
hoyeah,chinese,32158363
loveqazwsx92_97,chinese,32158363
Cherry_cycy,chinese,32158363
oceansun,chinese,32158363
L_4C,chinese,32158363
Hobi_Gao,chinese,32158363
monomoon77,chinese,32158363
Reverberate27,chinese,32158363
quetanoesta,chinese,32158363
fusionrimi,chinese,32158363
Whitebait,chinese,32158363
army_myjin,chinese,32158363
luya1122,chinese,32158363
NC871008,chinese,32158363
Michael_FG,chinese,40627806
123bin0inlove,chinese,40627806
avertie,chinese,40627806
GummyBearV,chinese,40627806
lena_Ajex,chinese,40627806
superslow_hummingbird,chinese,40627806
DH4v,chinese,40627806
mydearTaegrisco,chinese,40627806
rooobi,chinese,40627806
Cheezyy12309,chinese,40627806
ikuuuuuuuy,chinese,34029109
sherry_chl1205,chinese,34029109
sdrlvt,chinese,34029109
seagull_kook,chinese,34029109
jaykwok625,chinese,34029109
namcy_13,chinese,34029109
cfbdsir2149,chinese,34029109
NC871008,chinese,34029109
summerlan,chinese,34029109
407612,chinese,34029109
crimsonlux,chinese,34029109
Gin_Jin_kore0613,chinese,34029109
op369022,chinese,34029109
moondust613,chinese,34029109
3186390780,chinese,35495458
d5133judy,chinese,35495458
RII__RII,chinese,35495458
sherry_chl1205,chinese,35495458
Eka52hZ,chinese,35495458
JINSSaang,chinese,35495458
NC871008,chinese,35495458
murasakinamu,chinese,35495458
11Seesaw11,chinese,35495458
am_in_deep,chinese,35495458
LyaeMaine,chinese,35495458
koixxx,chinese,35495458
zhiliao207,chinese,35495458
rainie56468,chinese,35495458
NANZHOU,chinese,35495458
crosslin1129,chinese,35495458
Asta_k,chinese,35495458
chichi9795,chinese,34650871
1Archet13,chinese,34650871
wen1128,chinese,34650871
Minikookies,chinese,34650871
balizuoan,chinese,37763887
sherry_chl1205,chinese,37763887
tangluoyu,chinese,38139715
Guzhoupluskv,chinese,38201368
mylovertae,chinese,38201368
Michael_FG,chinese,38201176
Taeccoli1230v,chinese,38201176
mitona,chinese,38201176
NicoNicoTenshi,chinese,38201176
Yiyi070925,chinese,38201176
likegogo,chinese,38201176
ADORABLEYOUTH,chinese,38201176
ASDF2232578,chinese,38201176
Ternura199565,chinese,38201176
yuk0420,chinese,38201176
lemmie_www,chinese,38201176
mylovertae,chinese,38201176
wertyuiz23,chinese,38201176
yippeedeul,chinese,38201176
love_is_real_and_real_is_love,chinese,38201176
Heliosinblue,chinese,38201176
BaoyiLu,chinese,38201176
YANer77,chinese,38201176
hellohello,chinese,33640363
bluehiblue,chinese,33640363
MyPiedPiper,chinese,33640363
evelovepi,chinese,33640363
ksjjjk,chinese,33640363
weesewu,chinese,40935573
murasakinamu,chinese,40935573
fragile_things,chinese,40935573
freefall_V,chinese,40843014
Ryanya,chinese,40843014
Songs_for_Euterpe,chinese,40843014
xinyyuu,chinese,36653527
Unic_orn,chinese,33245626
pe99y,chinese,33245626
Voilet1213,chinese,33245626
jojoushi,chinese,33245626
yamall,chinese,33245626
Yiyi070925,chinese,33245626
Cranes_at_Eventide,chinese,33245626
hi_llxy,chinese,33245626
Ryuuseigunn,chinese,33245626
yuzazaza,chinese,33245626
Clariireeee9,chinese,33245626
tangluoyu,chinese,33245626
yippeedeul,chinese,33245626
btnbxm,chinese,33245626
SALTseason,chinese,33245626
Sleepinmy1sland1993,chinese,33245626
AUGIsola,chinese,33245626
Kookiescathy,chinese,33245626
gigikeai,chinese,33245626
NC871008,chinese,33245626
seagull_kook,chinese,33245626
ssiioo,chinese,31646153
subear39,chinese,31646153
Minna_Min39,chinese,31646153
crosslin1129,chinese,31646153
d5133judy,chinese,30565769
MAY50724,chinese,30565769
soratobuneko,chinese,30565769
ENji04,chinese,30565769
onrainydays,chinese,30565769
seagull_kook,chinese,30565769
NC871008,chinese,30565769
Arusmoon,chinese,30565769
lightenedmoon,chinese,30565769
scintilla_mono,chinese,30565769
crosslin1129,chinese,30565769
rainie56468,chinese,30565769
Shogetsu9339,chinese,30565769
potatochips_114,chinese,30565769
kkkkkkkkkkino,chinese,36480496
kkkkkkkkkkino,chinese,40271262
a_jimin95,chinese,37975354
Capsikook,chinese,37975354
Vampirelove1203,chinese,37975354
MINNI13,chinese,37975354
Rose_only,chinese,37975354
YAYOI13,chinese,37975354
wlals957,chinese,37975354
wen1128,chinese,37975354
yksweetmelon,chinese,37975354
sojueng,chinese,41576154
Yiyi070925,chinese,41576154
HHTuz,chinese,41576154
4ownerfan,chinese,37541533
outro_unknown,chinese,37541533
EqualityisUandME,chinese,37541533
WonkoRay,chinese,37541533
sweechim,chinese,37541533
crimsonlux,chinese,37541533
monomoon77,chinese,37541533
bigxuan,chinese,37541533
yksweetmelon,chinese,37541533
tartsmile,chinese,37541533
ININ_D,chinese,37541533
Reverberate27,chinese,37541533
army_myjin,chinese,37541533
39_moonlight_93,chinese,37913581
Antarrrrr,chinese,37913581
archiveandred,chinese,33069496
wen1128,chinese,33069496
EM_WX,chinese,39347877
HALOU123,chinese,39347877
sandy1119,chinese,39347877
MelonBaby,chinese,39347877
LoveYourself0613,chinese,39347877
Amberrrrr,chinese,39347877
lil_hairra,chinese,39347877
lovekookie97,chinese,39347877
jasmine_0224,chinese,39347877
nawa1551,chinese,39347877
Epiphany_FLLB,chinese,39347877
G7_garcia,chinese,39347877
Eviterlesroses,chinese,39347877
2135147794,chinese,39347877
Itcalls,chinese,39347877
ichiMao,chinese,39347877
balabala7,chinese,39347877
vomblau,chinese,39347877
Ryuuseigunn,chinese,39347877
Soogi_winter,chinese,39347877
Molino0817,chinese,39347877
AEACHO,chinese,39347877
Cloud_95,chinese,39347877
starry647,chinese,39347877
10vEly_J,chinese,39347877
mydearTaegrisco,chinese,39347877
Placebowie,chinese,39347877
Genius_M,chinese,39347877
Moscatel,chinese,39347877
PPPPPPrust,chinese,39347877
AngelicaTWH,chinese,39347877
bluebeaver,chinese,39347877
Kertui,chinese,39347877
seagull_kook,chinese,39347877
potatochips_114,chinese,39347877
mm_2680,chinese,39347877
HakunaMtata,chinese,39347877
Abbie51702,chinese,39347877
Yoan0701,chinese,30457827
mintchocolate_0930,chinese,30457827
BunnyRabbit0626,chinese,30457827
cheer301,chinese,30457827
reader_240623,chinese,30457827
EqualityisUandME,chinese,30457827
saya0411,chinese,30457827
Minna_Min39,chinese,30457827
nmjsydz,chinese,30457827
SUGAjenny518,chinese,30457827
soppy0417,chinese,30457827
OrangeManduu,chinese,30457827
babesope,chinese,30457827
ElisaZ0603,chinese,30457827
AestheticChanFujoGirl,chinese,34114075
lapierre,chinese,34114075
Yiyi070925,chinese,34114075
flytojupiter,chinese,34114075
yuzazaza,chinese,34114075
tangluoyu,chinese,34114075
shuiyuanqingzi,chinese,34114075
lena_Ajex,chinese,34114075
Erica9339,chinese,34114075
Hsieh77,chinese,34114075
Meowzsj,chinese,34114075
mikarinn,chinese,34114075
tangerine_mochi,chinese,34114075
gigikeai,chinese,34114075
namcy_13,chinese,34114075
crimsonlux,chinese,34114075
mudeokie,chinese,34114075
Minna_Min39,chinese,34114075
waminsoma,chinese,34114075
seagull_kook,chinese,34114075
d5133judy,chinese,32597161
akina6002,chinese,32597161
subear39,chinese,32597161
Jinterest,chinese,32597161
NANZHOU,chinese,32597161
crosslin1129,chinese,32597161
Arusmoon,chinese,32597161
huenxx,chinese,32597161
Tate_714,chinese,40981185
HaruhiSuzumiya,chinese,40981185
jk00kks,chinese,40981185
Yiyi070925,chinese,40981185
Carojb,chinese,40981185
Zaxy04,chinese,40981185
Eming07,chinese,40981185
Villi001,chinese,40981185
archiveandred,chinese,40981185
Peaches_hikari,chinese,40981185
Mandy_m_02,chinese,40981185
jquella,chinese,40981185
natsufullbuster,chinese,40981185
meohchan,chinese,40981185
avidance,chinese,40981185
miL_k07,chinese,31150691
Lumi0309,chinese,31150691
luvujm_1013,chinese,31150691
cheer301,chinese,31150691
EqualityisUandME,chinese,31150691
vinsem,chinese,31150691
suyo_0309,chinese,31150691
Haye0078,chinese,31150691
sodanpear,chinese,31150691
JINSSaang,chinese,31150691
Eka52hZ,chinese,31150691
L_4C,chinese,31150691
Nien09,chinese,31150691
lightenedmoon,chinese,31150691
freefall_V,chinese,31150691
Hsieh77,chinese,31150691
OrangeManduu,chinese,31150691
Shogetsu9339,chinese,31150691
lori10724,chinese,31150691
Ralaxy13,chinese,34534648
misshyh,chinese,34534648
Lumi0309,chinese,30485817
ININ_D,chinese,30485817
JINSSaang,chinese,30485817
TwwoBox,chinese,30485817
Tlalu,chinese,30485817
arashichi74,chinese,30485817
hwayangyeonhwa,chinese,30485817
crimsonlux,chinese,30485817
silviateng,chinese,30485817
Missie_030,chinese,33089848
b0309t0218s1993,chinese,33089848
k_kuangk,chinese,33089848
SUGAjenny518,chinese,33089848
qanech,chinese,33089848
ININ_D,chinese,30379125
NC871008,chinese,30379125
youaresocuteeee,chinese,30379125
Yiyi070925,chinese,37511872
AestheticChanFujoGirl,chinese,37511872
Der1013061,chinese,37511872
jaykwok625,chinese,37511872
unknowfrog1212,chinese,37511872
sherry_chl1205,chinese,37511872
wlals957,chinese,37511872
su_3399,chinese,37511872
vinsem,chinese,37511872
gabrielyt,chinese,37511872
subear39,chinese,37511872
vinsem,chinese,40271793
He11zi,chinese,40271793
Kertui,chinese,40271793
Lumi0309,chinese,36312874
bertha_rf,chinese,36312874
cheer301,chinese,36312874
Yiyi070925,chinese,36312874
EqualityisUandME,chinese,36312874
junw111,chinese,36312874
HHTuz,chinese,36312874
wlals957,chinese,36312874
subear39,chinese,36312874
sherry_chl1205,chinese,36312874
SUGAjenny518,chinese,36312874
aniseling,chinese,36312874
chougrapejuice,chinese,36312874
suyo_0309,chinese,36312874
koixxx,chinese,36312874
k_kuangk,chinese,36312874
am_in_deep,chinese,36312874
MyPiedPiper,chinese,36312874
KClololo,chinese,36312874
Nien09,chinese,36312874
krystalelf83,chinese,36312874
noR_1903,chinese,36312874
soratobuneko,chinese,36874723
pieceof_n1ghtmare,chinese,36874723
minkawa,chinese,36874723
Chasinggrey,chinese,36874723
RoseButterbeer,chinese,36874723
puppyloverdontcry,chinese,36874723
ININ_D,chinese,36874723
freefall_V,chinese,36874723
zozozo_1,chinese,30692279
Lumi0309,chinese,30692279
3186390780,chinese,30692279
AestheticChanFujoGirl,chinese,30692279
NicoNicoTenshi,chinese,30692279
ikuuuuuuuy,chinese,30692279
tomokoan1221,chinese,30692279
Minnase,chinese,30692279
shuiyuanqingzi,chinese,30692279
sdrlvt,chinese,30692279
yippeedeul,chinese,30692279
wlals957,chinese,30692279
Asta_k,chinese,30692279
seagull_kook,chinese,30692279
Rissliv56,chinese,30692279
sodanpear,chinese,30692279
JINSSaang,chinese,30692279
lori10724,chinese,30692279
TwwoBox,chinese,30692279
namcy_13,chinese,30692279
mammalian,chinese,30692279
Jinterest,chinese,30692279
crosslin1129,chinese,30692279
Hsieh77,chinese,30692279
FANDUIVD,chinese,30692279
crimsonlux,chinese,30692279
Chueok_seon,chinese,30692279
sunny891113,chinese,30692279
Shogetsu9339,chinese,30692279
Lumi0309,chinese,40534161
Yiyi070925,chinese,40534161
Chueok_seon,chinese,40534161
hwayangyeonhwa,chinese,40534161
ikuuuuuuuy,chinese,40534161
YourFavoriteFanGirl,chinese,40367088
evautepils,chinese,40367088
Ralaxy13,chinese,40367088
Sophiameow6,chinese,40367088
heartsoftchocolate,chinese,40367088
tomokoan1221,chinese,38138266
tangluoyu,chinese,38138266
drowningsun,chinese,40924008
Bellyyy,chinese,40924008
JQR,chinese,40924008
JH138,chinese,40924008
sanqianZhL,chinese,40924008
BunnyRabbit0626,chinese,40924008
lil_hairra,chinese,40924008
mintchocolatemint,chinese,40924008
StillwiThYou_tinaS,chinese,40924008
EM_WX,chinese,40924008
Jeonkiminlove,chinese,40924008
Hika_07,chinese,40924008
Shotmingo,chinese,40924008
flytojupiter,chinese,40924008
KainyKim,chinese,40924008
Sugaaaaa309,chinese,40924008
430047,chinese,40924008
41005,chinese,40924008
zt_91,chinese,40924008
only4u,chinese,40924008
hx1005pp,chinese,40924008
gagapril,chinese,34509004
Eka52hZ,chinese,34509004
crimsonlux,chinese,34509004
vitavitamins,chinese,34509004
einfisch,chinese,35133739
He11zi,chinese,35133739
RisingSun707,chinese,35133739
Cheezyy12309,chinese,35133739
yksweetmelon,chinese,35133739
PiDanSeven,chinese,35133739
KameAlice,chinese,35133739
AriCube1005,chinese,35133739
sabermoon,chinese,35133739
Nailuvtaekook,chinese,32188813
EM_WX,chinese,32188813
430047,chinese,32188813
wuguzi_w,chinese,32188813
lullaby22,chinese,32188813
estellela,chinese,32188813
Xsquare,chinese,32188813
L_4C,chinese,33070993
cheer301,chinese,33070993
Missie_030,chinese,33070993
qanech,chinese,33070993
bigxuan,chinese,33070993
yksweetmelon,chinese,33070993
puppyloverdontcry,chinese,33070993
Minna_Min39,chinese,33070993
ADOWsu,chinese,33070993
Songs_for_Euterpe,chinese,33070993
Cherry_cycy,chinese,33070993
ININ_D,chinese,33070993
namcy_13,chinese,33070993
YOONkk,chinese,33070993
orange_planet,chinese,33070993
NC871008,chinese,33070993
army_myjin,chinese,33070993
csi_csi,chinese,30078798
PapillonViolettt,chinese,30078798
iknowUloveRose,chinese,30078798
ayi0396,chinese,30078798
awesome_pen,chinese,30078798
Iris92_97,chinese,30078798
kimseokchim,chinese,30078798
seagull_kook,chinese,30078798
hellohello,chinese,30078798
silviateng,chinese,30078798
sunny891113,chinese,30078798
fiona0309,chinese,30078798
chichi9795,chinese,39429129
Vampirelove1203,chinese,39429129
39_moonlight_93,chinese,39429129
wen1128,chinese,39429129
Antarrrrr,chinese,39429129
zhao318,chinese,39429129
jsddz,chinese,30353040
yuzazaza,chinese,34666321
tangluoyu,chinese,34666321
euphoria_and_jk,chinese,34666321
SALTseason,chinese,34666321
gigikeai,chinese,34666321
Meowzsj,chinese,34666321
hachifuzzy,chinese,34666321
Kookiescathy,chinese,34666321
Minna_Min39,chinese,34666321
crimsonlux,chinese,34666321
namcy_13,chinese,34666321
seagull_kook,chinese,34666321
Lumi0309,chinese,33620653
soratobuneko,chinese,33620653
3186390780,chinese,33620653
lightenedmoon,chinese,33620653
haha_fish,chinese,33620653
sherry_chl1205,chinese,33620653
93_fujisaki,chinese,33620653
vinsem,chinese,33620653
cfbdsir2149,chinese,33620653
Der1013061,chinese,33620653
mm_2680,chinese,33620653
waminsoma,chinese,33620653
NC871008,chinese,33620653
crimsonlux,chinese,33620653
3186390780,chinese,40935750
fragile_things,chinese,40935750
LLLeehhh,chinese,36480811
vinsem,chinese,36480811
love_is_real_and_real_is_love,chinese,36480811
hyeokgi_0613,chinese,36480811
sherry_chl1205,chinese,36480811
sweechim,chinese,36480811
seagull_kook,chinese,36480811
Yiyi070925,chinese,39430962
ikuuuuuuuy,chinese,39430962
yuyyy,chinese,37673371
wlals957,chinese,37673371
sherry_chl1205,chinese,37673371
shuiyuanqingzi,chinese,37673371
mintaetae9395,chinese,37673371
vinsem,chinese,37673371
subear39,chinese,37673371
chougrapejuice,chinese,37673371
moondust613,chinese,37673371
sunsetandvine,chinese,37673371
kkkkkkkkkkino,chinese,37011817
Taekkkk,chinese,37011817
xinyyuu,chinese,37011817
qanech,chinese,37011817
neruest,chinese,37011817
Yuu030,chinese,38182816
luvujm_1013,chinese,37190014
cheer301,chinese,37190014
freefall_V,chinese,37190014
JINSSaang,chinese,37190014
chougrapejuice,chinese,37190014
i33,chinese,37190014
subear39,chinese,37190014
Teamseokbae,chinese,37190014
am_in_deep,chinese,37190014
vinsem,chinese,37190014
suyo_0309,chinese,37190014
gabrielyt,chinese,37190014
sweetyoongi,chinese,37190014
emily920125,chinese,37190014
summerlan,chinese,37190014
freefall_V,chinese,31144373
qanech,chinese,31144373
wen1128,chinese,38105851
Mirrorstn_buyan,chinese,38105851
Echurohith,chinese,34345597
b0309t0218s1993,chinese,34345597
crimsonlux,chinese,34345597
Yiyi070925,chinese,36480301
k_kuangk,chinese,36480301
linwuyu061,chinese,36526690
lapierre,chinese,36526690
su_3399,chinese,36526690
333emi333,chinese,36526690
sherry_chl1205,chinese,36526690
seagull_kook,chinese,36526690
11Seesaw11,chinese,34454137
namcy_13,chinese,34454137
rainie56468,chinese,34454137
Hsieh77,chinese,34454137
Nien09,chinese,34454137
crosslin1129,chinese,34454137
Alienguoa,chinese,33674338
Nien09,chinese,33674338
Eka52hZ,chinese,33674338
estellela,chinese,33674338
uchilove,chinese,33674338
ADORABLEYOUTH,chinese,37148650
PPPPPPrust,chinese,37148650
SugasugarD,chinese,37148650
seagull_kook,chinese,37148650
mm_2680,chinese,37148650
gniy,chinese,37148650
Michael_FG,chinese,31689842
Ternura199565,chinese,31689842
Erica9339,chinese,31689842
mylovertae,chinese,31689842
RainySmoky,chinese,31689842
Heliosinblue,chinese,31689842
mangoldfish,chinese,31689842
mammalian,chinese,31689842
3186390780,chinese,36525670
sherry_chl1205,chinese,36525670
Elena_3972,chinese,38097934
soratobuneko,chinese,38097934
Asta_k,chinese,38097934
subear39,chinese,38097934
He11zi,chinese,36526396
superslow_hummingbird,chinese,36526396
YANer77,chinese,36526396
Nien09,chinese,36526396
VelvetHammer_K,chinese,34650892
wen1128,chinese,34650892
Eka52hZ,chinese,34650892
Yiyi070925,chinese,34673308
haha_fish,chinese,34673308
yippeedeul,chinese,34673308
saya0411,chinese,34673308
mitona,chinese,40450260
kwonorange,chinese,33393514
Monokely,chinese,30382110
heartsoftchocolate,chinese,30382110
meninaedethea,chinese,30382110
bbxxqyzm,chinese,30382110
deadfish_gana_die,chinese,30382110
sssssffy,chinese,41116497
sherry_chl1205,chinese,41116497
Az86581,chinese,30634004
sssssffy,chinese,30634004
Cananchou,chinese,30634004
fallinmoon,chinese,30634004
Vera0421,chinese,30634004
thedeathofganges,chinese,30634004
shuiyuanqingzi,chinese,30634004
bowbow,chinese,30634004
seagull_kook,chinese,30634004
saya0411,chinese,30634004
Nien09,chinese,30634004
TwwoBox,chinese,30634004
sunsetandvine,chinese,30634004
k_kuangk,chinese,33069688
DaisyDO,chinese,33069688
kaiiiiiiii,chinese,33069688
Kookiescathy,chinese,33069688
summerlan,chinese,33069688
Teamseokbae,chinese,33069688
ysxyj,chinese,41539137
Yiyi070925,chinese,41539137
lindsayowen,chinese,41539137
qanech,chinese,36048859
crescenttattoo,chinese,37913494
39_moonlight_93,chinese,37913494
Antarrrrr,chinese,37913494
Icemint_summer,chinese,30529572
suyo_0309,chinese,30529572
Nien09,chinese,30529572
bowbow,chinese,30529572
Asta_k,chinese,30529572
monoandspace,chinese,30529572
potatochips_114,chinese,30529572
Jinterest,chinese,30529572
TwwoBox,chinese,30529572
jls_leaF,chinese,30529572
yaojjpp,chinese,30529572
QueEyes,chinese,30529572
puffywind,chinese,30529572
violet,chinese,30529572
etERNAL_cetera7,chinese,30529572
saturn_13,chinese,30529572
NC871008,chinese,30529572
gina_0323,chinese,30529572
AgentRoxanna,chinese,30529572
miahsu03,chinese,30529572
jajajajawa,chinese,30529572
sunsetandvine,chinese,30529572
tinceya,chinese,30529572
diay520,chinese,30529572
mintchocolatemint,chinese,30137418
xyanxyanwhereru,chinese,30137418
TaeTian,chinese,30137418
ttttttang,chinese,38663379
xinyyuu,chinese,38663379
mintaetae9395,chinese,32200585
93_fujisaki,chinese,32200585
Arusmoon,chinese,32200585
sodanpear,chinese,32200585
fatfox,chinese,32200585
NC871008,chinese,32200585
crosslin1129,chinese,32200585
Lumi0309,chinese,35426293
Ianson_ra,chinese,35426293
wen1128,chinese,35426293
miL_k07,chinese,31689653
k0om4to,chinese,31689653
lovewillrememberyou,chinese,36071836
Cheezyy12309,chinese,36071836
huainan123,chinese,36071836
luvujm_1013,chinese,38849568
G7_garcia,chinese,38849568
Laurajones,chinese,38849568
levana_1220,chinese,38849568
anniessherry,chinese,38849568
potatochips_114,chinese,38849568
TiffanyLyk,chinese,38849568
mangoldfish,chinese,38849568
AshiyaMika08,chinese,38849568
Alienguoa,chinese,41244735
hso,chinese,41244735
BunnyRabbit0626,chinese,40345521
ZYuei,chinese,40345521
YourFavoriteFanGirl,chinese,40345521
Xy0222,chinese,40345521
alfaither,chinese,40345521
evautepils,chinese,40345521
Ralaxy13,chinese,40345521
HALOU123,chinese,40345521
Sophiameow6,chinese,40345521
Kertui,chinese,40345521
DarkEssence,chinese,38266114
mrspekoo,chinese,38266114
love_is_real_and_real_is_love,chinese,38266114
jkv9597123,chinese,38266114
Yiyi070925,chinese,40054011
pe99y,chinese,40054011
SALTseason,chinese,40054011
Ashtae,chinese,40054011
flytojupiter,chinese,40054011
yippeedeul,chinese,40054011
tangluoyu,chinese,40054011
seagull_kook,chinese,40054011
Chasinggrey,chinese,40054011
SugasugarD,chinese,40054011
hwayangyeonhwa,chinese,40143279
Ashesthandust,chinese,40143279
subear39,chinese,40143279
Munilwithyoongi,chinese,40143279
minkawa,chinese,40143279
ikuuuuuuuy,chinese,40143279
subear39,chinese,37114732
violet,chinese,37114732
potatochips_114,chinese,37114732
summerlan,chinese,37114732
frfrsinkook,chinese,37114732
Asta_k,chinese,37114732
Atyyfanfictionfan,chinese,34013584
Eka52hZ,chinese,34013584
Icemint_summer,chinese,35784700
crimsonlux,chinese,35784700
aoclet,chinese,35784700
JINSSaang,chinese,35784700
CarissaMa,chinese,35784700
army_myjin,chinese,35784700
Yifan94,chinese,40842318
ValeriaSubotica1924,chinese,36526756
Icemint_summer,chinese,36526756
JINSSaang,chinese,36526756
soratobuneko,chinese,38415121
euphoria_and_jk,chinese,38415121
MelvilWindsor,chinese,38415121
minkawa,chinese,38415121
Lumi0309,chinese,40322331
tomokoan1221,chinese,40322331
Yiyi070925,chinese,40322331
bk7920,chinese,40322331
jaykwok625,chinese,40322331
sugaymd,chinese,40322331
sdrlvt,chinese,40322331
sherry_chl1205,chinese,40322331
jkkkkkk613,chinese,40322331
TiffanyLyk,chinese,40322331
tangluoyu,chinese,40322331
crimsonlux,chinese,40322331
wlals957,chinese,40322331
tangerine_mochi,chinese,40322331
su_3399,chinese,40322331
subear39,chinese,40322331
gabrielyt,chinese,40322331
ikuuuuuuuy,chinese,40322331
Yiyi070925,chinese,36456841
tgseb,chinese,36456841
Keee_0309,chinese,36456841
kkkkkkkkkkino,chinese,37377703
sophia127,chinese,37377703
MAY50724,chinese,30735041
talkkkgenuine,chinese,30735041
kazuyuu3333,chinese,30735041
123bin0inlove,chinese,30735041
PapillonViolettt,chinese,30735041
shirley0613,chinese,30735041
raymonbaby,chinese,30735041
chiccyyyin,chinese,30735041
bCin13942,chinese,30735041
melissaxxx0609,chinese,30735041
potatochips_114,chinese,30735041
SUGAjenny518,chinese,30735041
free1204,chinese,30735041
NC871008,chinese,30735041
misa04,chinese,30735041
luvujm_1013,chinese,40035315
CfaithP,chinese,40035315
Yiyi070925,chinese,40035315
tangluoyu,chinese,40035315
Forbidden_Milkk,chinese,40035315
SunYi07,chinese,40035315
kathoo_kathoo,chinese,40035315
wlals957,chinese,40035315
Nonrivery,chinese,34780060
cheer301,chinese,34780060
bertha_rf,chinese,34780060
EqualityisUandME,chinese,34780060
coldcoffee2020,chinese,34780060
Missie_030,chinese,34780060
jjuunnoo,chinese,34780060
Ryanya,chinese,34780060
Nien09,chinese,34780060
subear39,chinese,34780060
suyo_0309,chinese,34780060
b0309t0218s1993,chinese,34780060
silvercoloured,chinese,34780060
007p,chinese,34780060
HHTuz,chinese,34780060
JINSSaang,chinese,34780060
feiling1021,chinese,34780060
NC871008,chinese,34780060
SugasugarD,chinese,34780060
Haye0078,chinese,34780060
Gin_Jin_kore0613,chinese,34780060
sophia127,chinese,34780060
MyPiedPiper,chinese,34780060
violet,chinese,34780060
lori10724,chinese,34780060
freefall_V,chinese,34780060
L_4C,chinese,34780060
summerlan,chinese,34780060
Songs_for_Euterpe,chinese,34780060
crosslin1129,chinese,34780060
chougrapejuice,chinese,34780060
saya0411,chinese,30942020
wen1128,chinese,30942020
NC871008,chinese,32465782
tomokoan1221,chinese,40480941
zozozo_1,chinese,40480941
Niiiuuuaaa,chinese,40480941
Yiyi070925,chinese,40480941
4ownerfan,chinese,40480941
flytojupiter,chinese,40480941
eleven_eleven,chinese,40480941
SugasugarD,chinese,40480941
Chasinggrey,chinese,40480941
billam01160,chinese,40480941
Vesper_Hope,chinese,40480941
bestofu,chinese,40480941
tangluoyu,chinese,40480941
bokari0915,chinese,40480941
allisonike,chinese,40480941
gigikeai,chinese,40480941
SALTseason,chinese,40480941
seagull_kook,chinese,40480941
taekook16789,chinese,40480941
bowbow,chinese,40480941
yang9713,chinese,40480941
kooger,chinese,37963600
silverhues,chinese,37963600
Alythea1308,chinese,37963600
Eka52hZ,chinese,37963600
Junjun27,chinese,37963600
alice_zephyr,chinese,37963600
papaphobia,chinese,37963600
JSM6415,chinese,37963600
CaOCl2,chinese,37963600
yang9713,chinese,37379716
luvujm_1013,chinese,37379716
mm_2680,chinese,37379716
soratobuneko,chinese,37379716
seagull_kook,chinese,37379716
mingpeach,chinese,37379716
ame_4991,chinese,37379716
TiffanyLyk,chinese,37379716
Ashtae,chinese,38217718
Fourone,chinese,33805447
taekook16789,chinese,33805447
emily920125,chinese,33805447
vitavitamins,chinese,33805447
m0riclark_t0n,chinese,33805447
crimsonlux,chinese,33805447
thinkaboutwt,chinese,40208307
SugasugarD,chinese,40208307
sherry_chl1205,chinese,40208307
tigertag,chinese,40208307
eggshellmind,chinese,40208307
Treacle_Taek,chinese,40208307
Greenstrawberry,chinese,40208307
tomokoan1221,chinese,37386118
summerlan,chinese,37386118
subear39,chinese,37386118
HHTuz,chinese,37386118
soratobuneko,chinese,38160829
minkawa,chinese,38160829
Yiyi070925,chinese,36456889
b0309t0218s1993,chinese,36456889
Keee_0309,chinese,36456889
miL_k07,chinese,32169886
Elena_3972,chinese,32169886
tffcsiney,chinese,32169886
Lorrainecalbee,chinese,32169886
Nien09,chinese,32169886
bluehiblue,chinese,32169886
evelovepi,chinese,32169886
koixxx,chinese,32169886
wen1128,chinese,32169886
hellohello,chinese,32169886
JINSSaang,chinese,32169886
Tlalu,chinese,32169886
am_in_deep,chinese,32169886
free1204,chinese,32169886
feiling1021,chinese,32169886
silviateng,chinese,32169886
silverautumnx,chinese,36013480
crosslin1129,chinese,36013480
Asta_k,chinese,36013480
zoe_kimchi,chinese,36013480
EM_WX,chinese,40804245
soberbye,chinese,40804245
sanqianZhL,chinese,40804245
lil_hairra,chinese,40804245
Bittehar,chinese,40804245
StillwiThYou_tinaS,chinese,40804245
lugayo17,chinese,40804245
DarkEssence,chinese,40804245
Capsikook,chinese,40804245
Gigeon,chinese,40804245
Yuu030,chinese,40804245
Laurajones,chinese,40804245
jojoyldx,chinese,40804245
Hika_07,chinese,40804245
hyesinz0113,chinese,40804245
YingZ1123,chinese,40804245
fisyuu,chinese,40804245
430047,chinese,40804245
mrspekoo,chinese,40804245
zt_91,chinese,40804245
estellela,chinese,40804245
superslow_hummingbird,chinese,40804245
Cost2much,chinese,40804245
Yiyi070925,chinese,37873108
AestheticChanFujoGirl,chinese,37873108
jaykwok625,chinese,37873108
wlals957,chinese,37873108
Hsieh77,chinese,37873108
gabrielyt,chinese,37873108
su_3399,chinese,37873108
MCD4124,chinese,37873108
suyo_0309,chinese,37873108
Lumi0309,chinese,37553401
NicoNicoTenshi,chinese,37553401
AEACHO,chinese,37553401
Ellie0012,chinese,37553401
mm_2680,chinese,37553401
potatochips_114,chinese,37553401
ARMY_YK,chinese,37553401
seagull_kook,chinese,37553401
gigikeai,chinese,37553401
sibyl_eri,chinese,37553401
mrspekoo,chinese,37553401
dasser97,chinese,38962899
Scarletha,chinese,38962899
ADORABLEYOUTH,chinese,38962899
bowbow,chinese,38962899
RainySmoky,chinese,38962899
daily_Liz,chinese,38962899
Randomstranger1220,chinese,38962899
love_is_real_and_real_is_love,chinese,38962899
mangoldfish,chinese,38962899
JKSJG,chinese,38962899
waminsoma,chinese,38962899
xiaowwai,chinese,36379882
sanqianZhL,chinese,36379882
Nailuvtaekook,chinese,36379882
StillwiThYou_tinaS,chinese,36379882
lugayo17,chinese,36379882
Turbowhite,chinese,36379882
arya11,chinese,36379882
2mo,chinese,36379882
superslow_hummingbird,chinese,36379882
shmkvleo,chinese,36379882
Sharon1230,chinese,36379882
2135147794,chinese,36379882
SaltedCaramel7,chinese,36379882
hx1005pp,chinese,36379882
TiffanyLyk,chinese,36379882
crimsonlux,chinese,36379882
bluerose26,chinese,36379882
potatochips_114,chinese,36379882
estellela,chinese,36379882
Yiyi070925,chinese,41441712
jaykwok625,chinese,41441712
Mirrorstn_buyan,chinese,33199909
Toughkookie2003,chinese,33199909
wen1128,chinese,33199909
archiveofmyporn,chinese,33199909
Yiyi070925,chinese,40384782
jaykwok625,chinese,40384782
hwayangyeonhwa,chinese,40384782
su_3399,chinese,40384782
ikuuuuuuuy,chinese,40384782
Tierney_B,chinese,40367214
piedpiperpiping,chinese,40367214
aka_El,chinese,40367214
LalalalaLeah,chinese,40367214
Ralaxy13,chinese,40367214
Sophiameow6,chinese,40367214
RaineGuo,chinese,40367214
bruisenklance,chinese,36762142
EM_WX,chinese,36762142
2135147794,chinese,36762142
kwonorange,chinese,36762142
sakura0912,chinese,36762142
Jeonkiminlove,chinese,36762142
flytojupiter,chinese,36762142
yywuuen1016,chinese,36762142
zt_91,chinese,36762142
Kertui,chinese,36762142
yongseoh,chinese,36762142
Q_1,chinese,36762142
MiyanoFreesia,chinese,36762142
rosiel,chinese,36762142
taco971123,chinese,36762142
Alice1230901,chinese,36762142
LsBL0731,chinese,36762142
Sharon1230,chinese,36762142
Nana_bts,chinese,34905598
potatochips_114,chinese,34905598
Yiyi070925,chinese,41592198
lingyu339,chinese,41592198
luvujm_1013,chinese,30039501
Minna_Min39,chinese,30039501
addicted4myk,chinese,30039501
JINSSaang,chinese,30039501
sherry_chl1205,chinese,32640514
balizuoan,chinese,32640514
summerlan,chinese,32640514
vlueparrot,chinese,32640514
fenny6430,chinese,32640514
Songs_for_Euterpe,chinese,33065305
kazuyuu3333,chinese,30176535
Jeonjinnie1,chinese,30176535
Sugaaaaa309,chinese,30176535
taekook16789,chinese,30176535
Known123,chinese,30176535
luyiming,chinese,30176535
Taro_dery_do0_tennie,chinese,30176535
TiffanyLyk,chinese,30176535
rachaellam,chinese,30176535
army_myjin,chinese,30176535
Yuu030,chinese,38182693
jaykwok625,chinese,33069373
Icy1030,chinese,38546994
Yiyi070925,chinese,38546994
sherry_chl1205,chinese,38546994
MAY50724,chinese,35641258
bertha_rf,chinese,35641258
124_syn,chinese,35641258
irisiyeye,chinese,35641258
saya0411,chinese,35641258
Erica9339,chinese,35641258
vinsem,chinese,35641258
NC871008,chinese,35641258
reklutz,chinese,35641258
tangluoyu,chinese,38138497
StillwiThYou_tinaS,chinese,37953484
333emi333,chinese,37953484
love_is_real_and_real_is_love,chinese,37953484
crosslin1129,chinese,37953484
Lumi0309,chinese,36332116
Yifan94,chinese,36332116
miL_k07,chinese,36332116
RainySmoky,chinese,36332116
ikuuuuuuuy,chinese,36332116
sherry_chl1205,chinese,36332116
jaykwok625,chinese,36332116
su_3399,chinese,36332116
chloooe23,chinese,36332116
Keee_0309,chinese,36332116
sodanpear,chinese,36332116
am_in_deep,chinese,36332116
chougrapejuice,chinese,36332116
Asta_k,chinese,36332116
bestofu,chinese,40097976
yukii077,chinese,40097976
flytojupiter,chinese,40097976
yuzazaza,chinese,40097976
tangluoyu,chinese,40097976
seagull_kook,chinese,40097976
SugasugarD,chinese,40097976
TKJ6767,chinese,40797636
Nailuvtaekook,chinese,40797636
Chloeieu_4,chinese,40797636
Turbowhite,chinese,40797636
RoseLiqueur,chinese,40797636
Tete_lover,chinese,40797636
Ayu_Beijimeiyoushengxia_KVK,chinese,40797636
RiverYkb,chinese,40797636
superslow_hummingbird,chinese,40797636
430047,chinese,40797636
SUGAjenny518,chinese,41574042
Melonmelomeromelon,chinese,34341163
JKyra1031,chinese,34341163
milkjoonwoo,chinese,34341163
Huynh1209,chinese,34341163
sherry_chl1205,chinese,34341163
lightenedmoon,chinese,34341163
etERNAL_cetera7,chinese,34341163
sugamonsfw,chinese,34341163
Joonie_rain,chinese,34341163
insfrost,chinese,34341163
Hsieh77,chinese,34341163
TiffanyLyk,chinese,34341163
seagull_kook,chinese,34341163
rainie56468,chinese,34341163
summerlan,chinese,34341163
yyu_9597,chinese,36786151
crescenttattoo,chinese,36786151
Cpacjo,chinese,36786151
Liangsi,chinese,36786151
silverhues,chinese,36786151
mirror_lover1,chinese,36786151
A_Mik,chinese,36786151
Mottai,chinese,36786151
Kmo,chinese,36786151
alittlelittleotter,chinese,36786151
Hitomikamui,chinese,36786151
Cutesmiley85,chinese,36786151
dandanmein,chinese,36786151
universewinteralbum,chinese,36786151
alhambra9111,chinese,36786151
WintersweetBell,chinese,36786151
peupeuyoon,chinese,36786151
meohchan,chinese,36786151
Pancakenation,chinese,36786151
papaphobia,chinese,36786151
KrmnVega,chinese,36786151
1412st,chinese,36786151
wen1128,chinese,36786151
KM_supporter9597,chinese,36786151
Anthony_Crosss,chinese,36786151
Alythea1308,chinese,36786151
Basmallah,chinese,36786151
Glow_Minnie,chinese,36786151
Junjun27,chinese,36786151
Peaches_hikari,chinese,36786151
CaOCl2,chinese,36786151
ArmyBlinkOnceReveluv,chinese,36786151
alice_zephyr,chinese,36786151
sssssffy,chinese,41116407
Chasinggrey,chinese,41116407
futugagaga,chinese,41116407
bowbow,chinese,41116407
sherry_chl1205,chinese,41116407
fatfox,chinese,41116407
SoJustEscape,chinese,41138607
EM_WX,chinese,32599549
Nailuvtaekook,chinese,32599549
subear39,chinese,32599549
suyo_0309,chinese,32599549
balizuoan,chinese,32599549
bigsmart,chinese,36480694
StillwiThYou_tinaS,chinese,36480694
mintchocolatemint,chinese,36480694
estellela,chinese,36480694
mintchocolate_0930,chinese,36480538
sherry_chl1205,chinese,36480538
Annie_M,chinese,36480538
1s1ct2bt,chinese,40077969
Kuangkk,chinese,40077969
BunnyRabbit0626,chinese,40077969
allisonike,chinese,40077969
Yiyi070925,chinese,40077969
minneunn,chinese,40077969
G7_garcia,chinese,40077969
SALTseason,chinese,40077969
flytojupiter,chinese,40077969
yuzazaza,chinese,40077969
Ashtae,chinese,40077969
tangluoyu,chinese,40077969
seagull_kook,chinese,40077969
bertha_rf,chinese,33675469
jaykwok625,chinese,33675469
sherry_chl1205,chinese,33675469
su_3399,chinese,33675469
TiffanyLyk,chinese,33675469
jincandescent,chinese,33675469
93_fujisaki,chinese,33675469
NC871008,chinese,33675469
Jinjinjara1204k,chinese,33675469
JINSSaang,chinese,33675469
crimsonlux,chinese,33675469
Gin_Jin_kore0613,chinese,33675469
namcy_13,chinese,33675469
sodanpear,chinese,33675469
ysltlywr,chinese,41027430
wen1128,chinese,41027430
chichi9795,chinese,41027430
thinkaboutwt,chinese,41027430
GummyBearV,chinese,41027430
Yiyi070925,chinese,41027430
Hidedrashi,chinese,41027430
Vampirelove1203,chinese,41027430
chim_j,chinese,41027430
00yo000yo,chinese,41027430
Tojikoo,chinese,41027430
gniy,chinese,41027430
39_moonlight_93,chinese,41027430
KM_supporter9597,chinese,41027430
haxyouyar,chinese,37723696
insfrost,chinese,37723696
avijix,chinese,37723696
NANZHOU,chinese,37723696
tangluoyu,chinese,38139742
Kertui,chinese,40317924
love_is_real_and_real_is_love,chinese,40317924
Fruiter,chinese,37255297
yuzubo_de_nbn,chinese,37600600
ttnoezynr0210,chinese,37600600
b0309t0218s1993,chinese,37600600
scintilla_mono,chinese,37600600
d5133judy,chinese,37600600
taekook16789,chinese,37600600
ENji04,chinese,37600600
k_kuangk,chinese,37600600
NANZHOU,chinese,37600600
onrainydays,chinese,37600600
Hsieh77,chinese,37600600
Haye0078,chinese,37600600
Biiiizhu,chinese,37600600
bvl9295gari,chinese,37600600
11Seesaw11,chinese,37600600
tangerine_mochi,chinese,37600600
am_in_deep,chinese,37600600
00yo000yo,chinese,37600600
chougrapejuice,chinese,37600600
Asta_k,chinese,37600600
RoseButterbeer,chinese,35708464
seagull_kook,chinese,35708464
potatochips_114,chinese,35708464
lil_hairra,chinese,33200965
G7_garcia,chinese,33200965
Ly_faith,chinese,33200965
crimsonlux,chinese,33200965
melissaxxx0609,chinese,31619639
emily920125,chinese,31619639
Nomies,chinese,31619639
Summury,chinese,31619639
potatochips_114,chinese,31619639
seagull_kook,chinese,31619639
free1204,chinese,31619639
ElisaZ0603,chinese,31619639
Yiyi070925,chinese,38264086
yuzazaza,chinese,38264086
seagull_kook,chinese,38264086
army_myjin,chinese,38264086
hsiaohsiao,chinese,40076634
Yiyi070925,chinese,40076634
tomokoan1221,chinese,40076634
tangluoyu,chinese,40076634
cheer301,chinese,36608578
HHTuz,chinese,36608578
shwassi,chinese,36608578
Minna_Min39,chinese,36608578
KaiOuO,chinese,40807422
bowbow,chinese,40807422
superslow_hummingbird,chinese,40807422
mintaetae9395,chinese,40807422
soratobuneko,chinese,30157653
futugagaga,chinese,30157653
nontraditionalstableisotopes,chinese,30157653
maraslake,chinese,30157653
SugasugarD,chinese,30157653
sophilyyyy,chinese,30157653
pj_1806,chinese,30157653
shmkvleo,chinese,38183218
kangkang1116,chinese,38183218
bubintertWINE,chinese,38183218
potatochips_114,chinese,38183218
mrspekoo,chinese,38183218
39_moonlight_93,chinese,30897368
wen1128,chinese,30897368
namcy_13,chinese,30897368
crimsonlux,chinese,30897368
weesewu,chinese,39375195
bertha_rf,chinese,39375195
3186390780,chinese,39375195
jjuunnoo,chinese,39375195
Placebowie,chinese,39375195
gabrielyt,chinese,39375195
wlals957,chinese,39375195
moondust613,chinese,39375195
ikuuuuuuuy,chinese,39375195
k_kuangk,chinese,39375195
unknowfrog1212,chinese,39375195
sophia127,chinese,39375195
crosslin1129,chinese,39375195
summerlan,chinese,39375195
Zeethighs,chinese,41613693
etERNAL_cetera7,chinese,41613693
fallinmoon,chinese,39394221
sssssffy,chinese,39394221
qiuhan,chinese,39394221
Yiyi070925,chinese,39394221
futugagaga,chinese,39394221
ColdFrontPassage,chinese,39394221
Vera0421,chinese,39394221
taekook16789,chinese,39394221
SALTseason,chinese,39394221
seagull_kook,chinese,39394221
shuiyuanqingzi,chinese,39394221
tigertag,chinese,39394221
taekook16789,chinese,37913629
Antarrrrr,chinese,37913629
mrspekoo,chinese,37913629
Fourone,chinese,32466088
NC871008,chinese,32466088
k_kuangk,chinese,36049681
Gin_Jin_kore0613,chinese,36049681
am_in_deep,chinese,36049681
MILIRICE,chinese,36049681
Asta_k,chinese,36049681
mintchocolatemint,chinese,39729612
uu7,chinese,39729612
Eloise1523,chinese,39729612
Shotmingo,chinese,39729612
dollphin_L,chinese,39729612
Hika_07,chinese,39729612
Ayu_Beijimeiyoushengxia_KVK,chinese,39729612
bubintertWINE,chinese,39729612
DDDDDZ,chinese,39729612
Q_1,chinese,39729612
Narcissus_x,chinese,39729612
yywuuen1016,chinese,39729612
430047,chinese,39729612
sfunktovb,chinese,39729612
Alice1230901,chinese,39729612
SaltedCaramel7,chinese,39729612
peppermint11,chinese,39729612
peppermint11,chinese,38183536
Hazel_wei,chinese,37188925
Yiyi070925,chinese,37188925
Haye0078,chinese,37188925
sherry_chl1205,chinese,37188925
jaykwok625,chinese,37188925
RoseButterbeer,chinese,37188925
subear39,chinese,37188925
chougrapejuice,chinese,37188925
crimsonlux,chinese,37188925
wlals957,chinese,37188925
frfrsinkook,chinese,37188925
am_in_deep,chinese,37188925
vinsem,chinese,37188925
summerlan,chinese,37188925
crosslin1129,chinese,37188925
NANZHOU,chinese,35811313
outro_unknown,chinese,35811313
Dannie_Nemonie,chinese,35811313
Hobi__babe,chinese,38186578
Laudatio,chinese,34716469
miL_k07,chinese,38132305
bowbow,chinese,38132305
KM_supporter9597,chinese,38132305
Eka52hZ,chinese,38132305
Aiamme06,chinese,38132305
Rodrian1025,chinese,39406335
3186390780,chinese,35099248
Koyanuna7,chinese,35099248
crosslin1129,chinese,35099248
sweechim,chinese,35099248
AvensZs,chinese,35099248
Alienguoa,chinese,35099248
Bear_Gyu,chinese,35099248
SoJustEscape,chinese,33719293
FerineFlame,chinese,33719293
vivirparajugar,chinese,34340926
crimsonlux,chinese,34340926
outro_unknown,chinese,34340926
arya11,chinese,34276348
LEMUGE,chinese,34276348
KainyKim,chinese,34276348
Hika_07,chinese,34276348
hx1005pp,chinese,34276348
jkv9597123,chinese,34276348
Poktia,chinese,34276348
TaeLuvKook,chinese,34276348
V_sweetheartLanLi,chinese,34276348
tomokoan1221,chinese,39746088
jojoushi,chinese,39746088
Yiyi070925,chinese,39746088
furikakeru,chinese,39746088
Clariireeee9,chinese,39746088
taekook16789,chinese,39746088
SugasugarD,chinese,39746088
yang9713,chinese,39746088
tangluoyu,chinese,39746088
seagull_kook,chinese,39746088
silverhues,chinese,41464209
piedpiperpiping,chinese,41464209
Houali,chinese,41464209
jk00kks,chinese,41464209
OliVic0,chinese,41464209
Eming07,chinese,41464209
zaurelie371986,chinese,41464209
su_3399,chinese,32214886
sherry_chl1205,chinese,32214886
unknowfrog1212,chinese,32214886
jaykwok625,chinese,32214886
sodanpear,chinese,32214886
am_in_deep,chinese,32214886
moondust613,chinese,32214886
Der1013061,chinese,32214886
namcy_13,chinese,32214886
freefall_V,chinese,32214886
Shadowhunter4life821,chinese,32214886
csi_csi,chinese,39046062
etERNAL_cetera7,chinese,39046062
KKL2703,chinese,39046062
Elena_3972,chinese,39046062
soratobuneko,chinese,39046062
crosslin1129,chinese,39046062
gabrielyt,chinese,39046062
lunar02jul,chinese,39046062
wjdgus,chinese,39046062
subear39,chinese,39046062
crimsonlux,chinese,39046062
OM_91,chinese,39046062
frfrsinkook,chinese,39046062
Verone2010,chinese,34319695
Yifan94,chinese,34319695
Icy1030,chinese,34319695
xinyyuu,chinese,34319695
JINSSaang,chinese,34319695
NC871008,chinese,34319695
Eka52hZ,chinese,34319695
seagull_kook,chinese,34319695
crimsonlux,chinese,34319695
WriteOn423,chinese,34319695
Kookiescathy,chinese,34319695
flytojupiter,chinese,41071035
NC871008,chinese,34948180
seagull_kook,chinese,34948180
lori10724,chinese,34948180
b0309t0218s1993,chinese,38184052
Echurohith,chinese,38184052
Songs_for_Euterpe,chinese,38184052
Lumi0309,chinese,39921708
Yiyi070925,chinese,39921708
3186390780,chinese,39921708
wlals957,chinese,39921708
sherry_chl1205,chinese,39921708
jaykwok625,chinese,39921708
ikuuuuuuuy,chinese,39921708
lil_hairra,chinese,37171816
EM_WX,chinese,37171816
kwonorange,chinese,37171816
Puppe9,chinese,33179848
hsiaohsiao,chinese,33135787
ASDF2232578,chinese,33135787
qanech,chinese,33135787
half_banana_vive,chinese,33135787
sdrlvt,chinese,33135787
yksweetmelon,chinese,33135787
Nien09,chinese,33135787
ADOWsu,chinese,33135787
cpcpton2024,chinese,33135787
inwbxo,chinese,33135787
jfmeow3939,chinese,33135787
loveqazwsx92_97,chinese,33135787
NC871008,chinese,33135787
ININ_D,chinese,33135787
namcy_13,chinese,33135787
ZhaoRan_0619,chinese,33135787
YOONkk,chinese,33135787
Cerise61,chinese,33135787
army_myjin,chinese,33135787
YANer77,chinese,33135787
Monokely,chinese,30381750
snakekissme,chinese,30381750
hypersomnia101,chinese,30381750
clszp1122,chinese,33225028
minkawa,chinese,33225028
haha_fish,chinese,33225028
ADOWsu,chinese,33225028
ININ_D,chinese,33225028
inwbxo,chinese,33225028
likegogo,chinese,33225028
namcy_13,chinese,33225028
crimsonlux,chinese,33225028
landyfu1222,chinese,33225028
NC871008,chinese,33225028
Inurworld,chinese,33225028
lil_hairra,chinese,37746163
DarkEssence,chinese,37746163
anniessherry,chinese,37746163
LEMUGE,chinese,37746163
Q_1,chinese,37746163
zt_91,chinese,37746163
430047,chinese,37746163
sugitalei,chinese,37746163
mrspekoo,chinese,37746163
peacepeace,chinese,37746163
nnis,chinese,37746163
Jeon_jiminsshi,chinese,35276047
piedpiperpiping,chinese,35276047
silverhues,chinese,35276047
kook_chim20,chinese,35276047
Tate_714,chinese,35276047
trashcan1620,chinese,35276047
Jasmine20,chinese,35276047
raize,chinese,35276047
GummyBearV,chinese,35276047
juliechimms,chinese,35276047
RockyPocky,chinese,35276047
Teag9,chinese,35276047
NandaStanix,chinese,35276047
jk00kks,chinese,35276047
mmewtation,chinese,35276047
LyraLilianna,chinese,35276047
Hidedrashi,chinese,35276047
Cpacjo,chinese,35276047
Vampirelove1203,chinese,35276047
Yukinii,chinese,35276047
Liangsi,chinese,35276047
SaraRMarques,chinese,35276047
Avishka,chinese,35276047
taekook16789,chinese,35276047
alhambra9111,chinese,35276047
vitafurem,chinese,35276047
likw,chinese,35276047
jmnhour,chinese,35276047
CaOCl2,chinese,35276047
kkukkungie,chinese,35276047
baseline25,chinese,35276047
Nicky9,chinese,35276047
Junjun27,chinese,35276047
Alastra_Law,chinese,35276047
1412st,chinese,35276047
wen1128,chinese,35276047
ArmyBlinkOnceReveluv,chinese,35276047
Peaches_hikari,chinese,35276047
crimsonlux,chinese,35276047
Yiyi070925,chinese,38228146
d5133judy,chinese,38228146
lynn0811,chinese,38228146
gabrielyt,chinese,38228146
vinsem,chinese,38228146
Alienguoa,chinese,38228146
Hsieh77,chinese,38228146
jkkkkkk613,chinese,38228146
yippeedeul,chinese,38228146
wlals957,chinese,38228146
crosslin1129,chinese,38228146
chougrapejuice,chinese,38228146
myfavoriteitem,chinese,34140313
bluehiblue,chinese,34140313
2mo,chinese,30114741
balizuoan,chinese,30114741
TaeTian,chinese,30114741
Missie_030,chinese,36629971
HHTuz,chinese,36629971
Placebowie,chinese,36629971
puffywind,chinese,36629971
JINSSaang,chinese,36629971
freefall_V,chinese,36629971
mintchocolatemint,chinese,38183029
Yuu030,chinese,38183029
mintchocolatemint,chinese,41057454
430047,chinese,41057454
Yiyi070925,chinese,38455369
4ownerfan,chinese,38455369
muyu724,chinese,38455369
soratobuneko,chinese,38455369
vinsem,chinese,38455369
euphoria_and_jk,chinese,38455369
sherry_chl1205,chinese,38455369
mysmilingangel,chinese,38455369
subear39,chinese,32465806
vinsem,chinese,32465806
namcy_13,chinese,32465806
NC871008,chinese,32465806
crimsonlux,chinese,32465806
euphoria_and_jk,chinese,38160403
NaIYeon,chinese,38160403
minkawa,chinese,38160403
vinsem,chinese,38160403
tangluoyu,chinese,38139844
Michael_FG,chinese,33262054
NicoNicoTenshi,chinese,33262054
bubbleteacup,chinese,33262054
wertyuiz23,chinese,33262054
chongyan2210,chinese,33262054
peppermint11,chinese,33262054
bubintertWINE,chinese,33262054
bowbow,chinese,33262054
aoclet,chinese,33262054
superslow_hummingbird,chinese,33262054
comet8010,chinese,33262054
Mofashaonvlifugui,chinese,33262054
namcy_13,chinese,33262054
SugasugarD,chinese,33262054
seagull_kook,chinese,33262054
taetaebreadcheeks,chinese,33262054
ame_4991,chinese,33262054
Nameless_12,chinese,33262054
kookvjiamin,chinese,35465917
LiBMoonK,chinese,35465917
lliraneqe,chinese,35465917
2135147794,chinese,35465917
Delbine,chinese,35465917
mintchocolatemint,chinese,35465917
GummyBearV,chinese,35465917
Ha_te2oo,chinese,35465917
purplesumi,chinese,35465917
yulemomo,chinese,35465917
Singularity_aurora,chinese,35465917
Mymelu,chinese,35465917
peppermint11,chinese,35465917
Hika_07,chinese,35465917
aaaaaaa_aaaaa,chinese,35465917
Sugaaaaa309,chinese,35465917
jojoyldx,chinese,35465917
kakaluo,chinese,35465917
flytojupiter,chinese,35465917
xgly,chinese,35465917
euphoria_and_jk,chinese,35465917
qingguisu,chinese,35465917
LunaLoveLife,chinese,35465917
LayItDown,chinese,35465917
yolok_mm,chinese,35465917
Juicybo0,chinese,35465917
Ngor,chinese,35465917
JaneSiu,chinese,35465917
xuanxuan199506253,chinese,35465917
YS2002,chinese,35465917
Bellyyy,chinese,35465917
030ww,chinese,35465917
VioletRusalochka,chinese,35465917
ys5498,chinese,35465917
hx1005pp,chinese,35465917
hsukochin,chinese,35465917
vicarrrrrrr,chinese,35465917
lullaby22,chinese,35465917
liv9628,chinese,35465917
friedat,chinese,35465917
Cerise61,chinese,35465917
amandachen0514,chinese,35465917
vegin_lrh,chinese,35465917
estellela,chinese,35465917
fatfox,chinese,32509651
jaykwok625,chinese,32509651
NC871008,chinese,32509651
namcy_13,chinese,32509651
Llun_ar,chinese,41464581
gamiiiii,chinese,41464581
CupofSugaInMay,chinese,41464581
AngeleMM77500,chinese,41464581
Peaches_hikari,chinese,41464581
Papaver_dubium,chinese,39475545
Michael_FG,chinese,39475545
EM_WX,chinese,39475545
sanqianZhL,chinese,39475545
jasmine_0224,chinese,39475545
Bittehar,chinese,39475545
Chloeieu_4,chinese,39475545
KainyKim,chinese,39475545
moeraesusu,chinese,39475545
Bellyyy,chinese,39475545
plzbmskook,chinese,39475545
Hika_07,chinese,39475545
June530,chinese,39475545
SaltedCaramel7,chinese,39475545
amandachen0514,chinese,39475545
cyjkth_9795,chinese,39475545
DH4v,chinese,39475545
shmkvleo,chinese,39475545
mangoldfish,chinese,39475545
AstraeusV,chinese,39475545
potatochips_114,chinese,39475545
thereisnoplacelikeyou,chinese,39475545
taeggukssi,chinese,39475545
estellela,chinese,39475545
CrystalChi,chinese,39475545
breathecho,chinese,39475545
miL_k07,chinese,40186047
dowwob,chinese,40186047
Lumi0309,chinese,40186047
3186390780,chinese,40186047
soratobuneko,chinese,40186047
Reeeemeeen,chinese,40186047
R_M_P,chinese,40186047
MelvilWindsor,chinese,40186047
alicl,chinese,40186047
SeekingComfort,chinese,40186047
hyeokgi_0613,chinese,40186047
sherry_chl1205,chinese,40186047
Haye0078,chinese,40186047
wlals957,chinese,40186047
jungchanghyun,chinese,40186047
tangerine_mochi,chinese,40186047
Eliu16,chinese,40186047
onrainydays,chinese,40186047
MsChouChou,chinese,32656753
reader_240623,chinese,32656753
soppy0417,chinese,32656753
b0309t0218s1993,chinese,32656753
qanech,chinese,32656753
fusionrimi,chinese,32656753
xuyelixye,chinese,33373603
Guzhoupluskv,chinese,33373603
Q_1,chinese,33373603
zt_91,chinese,33373603
Sunlu0880,chinese,33373603
Monokely,chinese,33373603
crosslin1129,chinese,33373603
Crystalluys0612,chinese,33373603
army_myjin,chinese,33373603
balizuoan,chinese,33373603
luvujm_1013,chinese,40935717
weesewu,chinese,40935717
murasakinamu,chinese,40935717
Wangxuanying0912,chinese,40935717
potatochips_114,chinese,40935717
TiffanyLyk,chinese,40935717
fragile_things,chinese,40935717
lapierre,chinese,41003271
moissan1te,chinese,41003271
ZTN,chinese,41003271
Yiyi070925,chinese,41003271
ikuuuuuuuy,chinese,41003271
su_3399,chinese,41003271
bk7920,chinese,41003271
Kertui,chinese,41003271
SugasugarD,chinese,41003271
Guzhoupluskv,chinese,32869663
EM_WX,chinese,32869663
kwonorange,chinese,32869663
Yuu030,chinese,32869663
fisyuu,chinese,32869663
KainyKim,chinese,32869663
shmkvleo,chinese,32869663
zt_91,chinese,32869663
430047,chinese,32869663
SMILING_STAR,chinese,32869663
wuguzi_w,chinese,32869663
seagull_kook,chinese,32869663
kingothehills,chinese,32869663
NC871008,chinese,32869663
YOONkk,chinese,32869663
vlueparrot,chinese,32869663
soratobuneko,chinese,38330854
MelvilWindsor,chinese,38330854
minkawa,chinese,38330854
vinsem,chinese,38330854
bertha_rf,chinese,32193100
jjuunnoo,chinese,32193100
tgseb,chinese,32193100
Alienguoa,chinese,32193100
sherry_chl1205,chinese,32193100
subear39,chinese,32193100
saya0411,chinese,32193100
silvercoloured,chinese,32193100
NC871008,chinese,32193100
crosslin1129,chinese,32193100
WoahVicky,chinese,32193100
What_Username,chinese,32193100
sunsetandvine,chinese,32193100
L_4C,chinese,32193100
rainie56468,chinese,32193100
moondust613,chinese,32193100
He11zi,chinese,37113850
bubbleteacup,chinese,37113850
Nien09,chinese,37113850
ann03311204,chinese,30092229
Ellie0012,chinese,30092229
hellohello,chinese,30092229
ElisaZ0603,chinese,30092229
Yiyi070925,chinese,38205109
soratobuneko,chinese,38205109
MelvilWindsor,chinese,38205109
minkawa,chinese,38205109
sherry_chl1205,chinese,38205109
su_3399,chinese,30400107
granny0613,chinese,30400107
Erica9339,chinese,30400107
Shadowhunter4life821,chinese,30400107
Shogetsu9339,chinese,30400107
Maragk,chinese,39133125
Peachyjikook7,chinese,39133125
OpenBook208,chinese,39133125
silverhues,chinese,39133125
Tate_714,chinese,39133125
Moonlight_97,chinese,39133125
Mandy_m_02,chinese,39133125
Junpatinhas,chinese,39133125
jk00kks,chinese,39133125
OliVic0,chinese,39133125
Eming07,chinese,39133125
yustillmanoone,chinese,39133125
kook_chim20,chinese,39133125
Sillyjikookie,chinese,39133125
toyatoyatoya,chinese,39133125
Junjun27,chinese,39133125
dandanmein,chinese,39133125
miL_k07,chinese,35343469
wertyuiz23,chinese,35343469
sherry_chl1205,chinese,35343469
Zeroranchen,chinese,35343469
NC871008,chinese,35343469
EDEN_S1007,chinese,35343469
Vesper_Hope,chinese,40842444
reader_240623,chinese,40842444
xinyyuu,chinese,40842444
thedarlingbudsofmay,chinese,38423908
YourFavoriteFanGirl,chinese,38423908
Monokely,chinese,38423908
Bittehar,chinese,38423908
btnbxm,chinese,38423908
HakunaMtata,chinese,38423908
airinianbi_4b4yb,chinese,39682917
Reeeemeeen,chinese,39682917
sherry_chl1205,chinese,39682917
hi_llxy,chinese,37379485
JKyra1031,chinese,37379485
AEACHO,chinese,37379485
soratobuneko,chinese,37379485
Alienguoa,chinese,37379485
jessline0324,chinese,37379485
SALTseason,chinese,37379485
seagull_kook,chinese,37379485
mingpeach,chinese,37379485
yeosbigbabydoeeyes,chinese,32623681
taetaebreadcheeks,chinese,32623681
JinkisSerp,chinese,32623681
Lumi0309,chinese,30251337
Icemint_summer,chinese,30251337
suzugos,chinese,30251337
soratobuneko,chinese,30251337
Taro_dery_do0_tennie,chinese,30251337
freefall_V,chinese,30251337
Der1013061,chinese,30251337
Babysbreath0613,chinese,30251337
NC871008,chinese,30251337
Sylvia514,chinese,30251337
Inurworld,chinese,30251337
EDEN_S1007,chinese,30251337
ININ_D,chinese,30251337
gina_0323,chinese,30251337
TiffanyLyk,chinese,30251337
crosslin1129,chinese,30251337
koixxx,chinese,30251337
PPPPPPrust,chinese,41026794
Kertui,chinese,41026794
seagull_kook,chinese,32466139
mikarinn,chinese,32466139
Salemo,chinese,41116680
Chasinggrey,chinese,41116680
futugagaga,chinese,41116680
bowbow,chinese,41116680
fatfox,chinese,41116680
futugagaga,chinese,41116713
sherry_chl1205,chinese,41116713
fatfox,chinese,41116713
3186390780,chinese,40935645
fragile_things,chinese,40935645
misamisa_V,chinese,32129023
venishiver,chinese,32129023
wertyuiz23,chinese,32129023
poiui,chinese,32129023
SCAR666666,chinese,32129023
velvetGoldmine_Xx,chinese,32129023
estellela,chinese,32129023
Icy1030,chinese,40577877
Lumi0309,chinese,40577877
mm_2680,chinese,30899477
Eggtae,chinese,30899477
tetesbread,chinese,30899477
mitona,chinese,41573610
A001154,chinese,41573610
chichi9795,chinese,39575064
Atyyfanfictionfan,chinese,39575064
lxyzhy7,chinese,39575064
Vampirelove1203,chinese,39575064
Pandlyn,chinese,39575064
39_moonlight_93,chinese,39575064
wen1128,chinese,39575064
minnielita,chinese,39575064
zhao318,chinese,39575064
Antarrrrr,chinese,39575064
1412st,chinese,39575064
minkawa,chinese,38962581
tangluoyu,chinese,38962581
silvy90,chinese,38962581
Keee_0309,chinese,36048811
zozozo_1,chinese,40366695
Lumi0309,chinese,40366695
luvujm_1013,chinese,40366695
Yiyi070925,chinese,40366695
AestheticChanFujoGirl,chinese,40366695
Der1013061,chinese,40366695
seoyoonkx1593,chinese,40366695
bk7920,chinese,40366695
jaykwok625,chinese,40366695
JINSSaang,chinese,40366695
Minnase,chinese,40366695
seagull_kook,chinese,40366695
cottonhare,chinese,40366695
sherry_chl1205,chinese,40366695
gabrielyt,chinese,40366695
hwayangyeonhwa,chinese,40366695
Munilwithyoongi,chinese,40366695
su_3399,chinese,40366695
unknowfrog1212,chinese,40366695
ikuuuuuuuy,chinese,40366695
wlals957,chinese,40366695
crosslin1129,chinese,40366695
iknowUloveRose,chinese,41576130
Yiyi070925,chinese,41576130
SkylarC,chinese,40169547
Gezialia0329,chinese,40169547
piedpiperpiping,chinese,40169547
YourFavoriteFanGirl,chinese,40169547
Yuuki0416,chinese,40169547
Monokely,chinese,40169547
Bittehar,chinese,40169547
thedarlingbudsofmay,chinese,40169547
unrealflorence,chinese,40169547
Christie_867,chinese,40169547
Alexa_143,chinese,40169547
Antarrrrr,chinese,40169547
mintchocolatemint,chinese,38182861
Yuu030,chinese,38182861
peppermint11,chinese,38182861
kangkang1116,chinese,38182861
Gingercat1114,chinese,38182861
potatochips_114,chinese,38182861
3186390780,chinese,34250395
sugaymd,chinese,34250395
gabrielyt,chinese,34250395
sherry_chl1205,chinese,34250395
crosslin1129,chinese,34250395
su_3399,chinese,34250395
vinsem,chinese,34250395
mrspekoo,chinese,34250395
saya0411,chinese,34250395
seagull_kook,chinese,34250395
Erica9339,chinese,34250395
Gin_Jin_kore0613,chinese,34250395
chloooe23,chinese,34250395
crimsonlux,chinese,34250395
moondust613,chinese,34250395
freefall_V,chinese,34250395
tangerine_mochi,chinese,34250395
chougrapejuice,chinese,34250395
93_fujisaki,chinese,34250395
namcy_13,chinese,34250395
tsuruko1999,chinese,34250395
i33,chinese,33389596
estellela,chinese,33389596
bluevvery,chinese,30311211
Summury,chinese,30311211
army_myjin,chinese,30311211
124_syn,chinese,37533703
vinsem,chinese,37533703
chougrapejuice,chinese,37533703
gabrielyt,chinese,37533703
HHTuz,chinese,37533703
Asta_k,chinese,37533703
lori10724,chinese,37533703
sanqianZhL,chinese,30017397
qiuhan,chinese,30017397
EM_WX,chinese,30017397
DarkEssence,chinese,30017397
Jeonkiminlove,chinese,30017397
unrealflorence,chinese,30017397
kirakirasuru,chinese,30017397
Hika_07,chinese,30017397
Poktia,chinese,30017397
mrspekoo,chinese,30017397
jkv9597123,chinese,30017397
kvaes,chinese,30017397
HoisinSauce,chinese,30017397
fanghe,chinese,30017397
Duncancat1114,chinese,30017397
V_sweetheartLanLi,chinese,30017397
yanqi802,chinese,30017397
taetaebreadcheeks,chinese,30017397
Nameless_12,chinese,30017397
Lumi0309,chinese,41462991
Reeeemeeen,chinese,41462991
DoubleOrange616,chinese,32227546
Elena_3972,chinese,32227546
seven_11,chinese,32227546
luyiming,chinese,32227546
melissaxxx0609,chinese,32227546
CatheryneCath,chinese,32227546
evelovepi,chinese,32227546
gniy,chinese,32227546
TiffanyLyk,chinese,32227546
NC871008,chinese,32227546
seagull_kook,chinese,32227546
army_myjin,chinese,32227546
jojoushi,chinese,41115966
SugasugarD,chinese,41115966
bowbow,chinese,41115966
sherry_chl1205,chinese,41115966
Az86581,chinese,41241270
xiaowwai,chinese,41241270
bruisenklance,chinese,41241270
A001154,chinese,41241270
Chrisxxx,chinese,41241270
kookvjiamin,chinese,41241270
AgravityOdyssey,chinese,41241270
ZONA014,chinese,41241270
Ha_te2oo,chinese,41241270
Bellyyy,chinese,41241270
GummyBearV,chinese,41241270
2135147794,chinese,41241270
Jeonkiminlove,chinese,41241270
Littlehou,chinese,41241270
babysaharax26,chinese,41241270
taneko1206,chinese,41241270
peppermint11,chinese,41241270
Chloeieu_4,chinese,41241270
Miaomiao4,chinese,41241270
superslow_hummingbird,chinese,41241270
Nailuvtaekook,chinese,41241270
puppy_yu,chinese,41241270
Hika_07,chinese,41241270
Dada_Duck,chinese,41241270
hx1005pp,chinese,41241270
taekook16789,chinese,41241270
summerlan,chinese,41241270
Euphoria_TK,chinese,41241270
LunaLoveLife,chinese,41241270
430047,chinese,41241270
aurantia_1298,chinese,41241270
minivi11,chinese,41241270
Alienguoa,chinese,38072005
Evelynandjhopepwp,chinese,38072005
Ayu_Beijimeiyoushengxia_KVK,chinese,38072005
Moscatel,chinese,38072005
Rhapsodyyy,chinese,38072005
mingpeach,chinese,38072005
LeydyM,chinese,38072005
BANTen_S,chinese,38072005
danslalune,chinese,37379971
Kosiyukkki,chinese,37379971
mm_2680,chinese,37379971
Alienguoa,chinese,37379971
gigikeai,chinese,37379971
ame_4991,chinese,37379971
kkyuliet,chinese,37379971
potatochips_114,chinese,37379971
Hazel_wei,chinese,37069036
annadong39,chinese,37069036
Yiyi070925,chinese,37069036
3186390780,chinese,37069036
No_Blon,chinese,37069036
bertha_rf,chinese,37069036
yukii077,chinese,37069036
tomokoan1221,chinese,37069036
namcy_13,chinese,37069036
sherry_chl1205,chinese,37069036
jaykwok625,chinese,37069036
RoseButterbeer,chinese,37069036
subear39,chinese,37069036
summerlan,chinese,37069036
NC871008,chinese,37069036
Alienguoa,chinese,37069036
Nien09,chinese,37069036
wlals957,chinese,37069036
vinsem,chinese,37069036
am_in_deep,chinese,37069036
RainySmoky,chinese,37069036
tsuruko1999,chinese,37069036
crosslin1129,chinese,37069036
freefall_V,chinese,37069036
chougrapejuice,chinese,37069036
Asta_k,chinese,37069036
YourFavoriteFanGirl,chinese,38390644
Yiyi070925,chinese,39920499
SugasugarD,chinese,39920499
Dra_ssy,chinese,39920499
sherry_chl1205,chinese,39920499
seagull_kook,chinese,39920499
yyu_9597,chinese,40742658
avijix,chinese,40742658
Nia25,chinese,40742658
He11zi,chinese,40742658
trashcan1620,chinese,40742658
Teag9,chinese,40742658
tixi11,chinese,40742658
silverhues,chinese,40742658
jinspinkmic,chinese,40742658
crescenttattoo,chinese,40742658
Cpacjo,chinese,40742658
Eming07,chinese,40742658
jk00kks,chinese,40742658
juliechimms,chinese,40742658
1412st,chinese,40742658
Tate_714,chinese,40742658
ManonDesSources,chinese,40742658
Junjun27,chinese,40742658
TitiMOS,chinese,40742658
Mandy_m_02,chinese,40742658
autumn_morning,chinese,40742658
Tecka,chinese,40742658
Ayseljim21,chinese,40742658
Peaches_hikari,chinese,40742658
mrspekoo,chinese,33390493
estellela,chinese,33390493
d5133judy,chinese,31619588
sherry_chl1205,chinese,31619588
onrainydays,chinese,31619588
namcy_13,chinese,31619588
seagull_kook,chinese,31619588
deadfish_gana_die,chinese,31619588
Arusmoon,chinese,31619588
lightenedmoon,chinese,31619588
LyaeMaine,chinese,31619588
Hsieh77,chinese,31619588
11Seesaw11,chinese,31619588
Shogetsu9339,chinese,31619588
i_need_fluff_more_than_i_need_sleep,chinese,31619588
